<Entity version="670100" versionTimestamp="2021-05-19 13:43:00.000" createdBy="" createDate="2022-11-23 19:49:05.994 UTC" updateDate="2022-11-23 19:49:05.994 UTC" updatedBy="" classVersion="1" id="399F098B-3FED-2784-7E98-6551D989D931" name="isCustomer" class="FieldEntity">
  <description></description>
  <typeHolder id="F343591A-49C8-6F22-D9B7-5F9C2402650D" classVersion="1" class="TypeHolder">
    <type class="NativeTypes">StringType</type>
    <isArray>false</isArray>
    <dimension>0</dimension>
  </typeHolder>
  <indexed>false</indexed>
</Entity>