<Entity version="670100" versionTimestamp="2021-05-19 13:43:00.000" createdBy="" createDate="2022-11-03 03:16:44.913 UTC" updateDate="2022-11-03 03:16:44.913 UTC" updatedBy="" classVersion="1" id="2D8FD1B9-B8FB-8B2A-7DEE-8D78191AB95E" name="resourceName" class="FieldEntity">
  <description></description>
  <typeHolder id="8A5E1C2C-BCF5-EB19-4AF6-139A0672D924" classVersion="1" class="TypeHolder">
    <type class="NativeTypes">StringType</type>
    <isArray>false</isArray>
    <dimension>0</dimension>
  </typeHolder>
  <indexed>false</indexed>
</Entity>