<Entity version="670100" versionTimestamp="2021-05-19 13:43:00.000" createdBy="" createDate="2022-11-23 20:57:56.641 UTC" updateDate="2022-11-23 20:57:56.641 UTC" updatedBy="" classVersion="1" id="03BC5ED0-EB71-7F51-B3ED-7081116E4D8B" name="source_account" class="FieldEntity">
  <description></description>
  <typeHolder id="931D5A37-4ADE-C17F-1821-F756833173F1" classVersion="1" class="TypeHolder">
    <type class="NativeTypes">StringType</type>
    <isArray>false</isArray>
    <dimension>0</dimension>
  </typeHolder>
  <indexed>false</indexed>
</Entity>