<Entity version="670100" versionTimestamp="2021-05-19 13:43:00.000" createdBy="" createDate="2022-10-24 20:29:26.891 UTC" updateDate="2022-12-02 18:23:52.740 UTC" updatedBy="" classVersion="1" id="92D99385-ADF9-018F-8BDB-1FBED3C823EA" name="BacklogWriter" class="BacklogServiceConfig">
  <description></description>
  <startupType class="StartupType">AutoStart</startupType>
  <dbEntity class="IEntityReference">
    <EntityId>C8541763-CC4B-6FD4-0643-13E8E3620ABA</EntityId>
    <EntityName>BacklogDatabase</EntityName>
    <EntityTypeId>com.intellinx.configuration.entities.GXDBConnection</EntityTypeId>
  </dbEntity>
  <dbConnectionTimeOut>60</dbConnectionTimeOut>
  <inputQueues>
    <Item class="IEntityReference">
      <EntityId>6B50ED46-A4AB-31AA-95D5-E4860F361C65</EntityId>
      <EntityName>BacklogQueue</EntityName>
      <EntityTypeId>com.intellinx.configuration.entities.GXQueue</EntityTypeId>
    </Item>
  </inputQueues>
  <updateCanceledSessions>true</updateCanceledSessions>
  <scheduleWrongSessionsDeletion>false</scheduleWrongSessionsDeletion>
  <deleteWrongSessionsWithinTimeWindow>false</deleteWrongSessionsWithinTimeWindow>
  <deleteSessionsWithNoRecording>false</deleteSessionsWithNoRecording>
  <deleteDroppedSessions>false</deleteDroppedSessions>
  <deleteOldOpenSessions>false</deleteOldOpenSessions>
  <oldSessionThreshold>14</oldSessionThreshold>
  <waitMinutes>5</waitMinutes>
  <checkInLast>true</checkInLast>
  <checkSessionsTimePeriod value="1" unit="MONTHS" class="time-period"/>
</Entity>