<Entity version="670100" versionTimestamp="2021-05-19 13:43:00.000" createdBy="" createDate="2022-12-02 18:29:38.999 UTC" updateDate="2022-12-02 18:29:38.999 UTC" updatedBy="" classVersion="1" id="DB742C90-A9EC-D64B-0987-729981CC83AC" name="CaptureDevice_PCAP" class="CaptureDeviceEntity">
  <description></description>
  <captureDevice id="D8FF3967-737E-D02A-D2CE-DCC4D24D221D" classVersion="1" class="LibPcapOfflineCaptureDevice">
    <path>/queues/pcap/my3270NetworkCapture.pcap</path>
  </captureDevice>
  <isPromiscousEnabled>false</isPromiscousEnabled>
  <pcapBufferMB>0</pcapBufferMB>
  <ringBufferMB>0</ringBufferMB>
  <pcapSnapLenmgth>0</pcapSnapLenmgth>
  <pcapTimeoutMS>0</pcapTimeoutMS>
  <isDoNotUsePcapNext>false</isDoNotUsePcapNext>
  <pcapMinimumToCopy>0</pcapMinimumToCopy>
  <isPcapNotConditionWait>false</isPcapNotConditionWait>
  <pcapWaitMS>0</pcapWaitMS>
  <isDisableFiltering>false</isDisableFiltering>
  <isBuildFilteringFromFile>false</isBuildFilteringFromFile>
  <filteringFile></filteringFile>
  <isDisableDriverFiltering>false</isDisableDriverFiltering>
  <isDriverFilteringClient>false</isDriverFilteringClient>
  <isNotVlan>false</isNotVlan>
  <isDoNotCapturerFiltering>false</isDoNotCapturerFiltering>
  <isDoNotOptimizeFiltering>false</isDoNotOptimizeFiltering>
  <isDebugNative>false</isDebugNative>
</Entity>