<Entity version="670100" versionTimestamp="2021-05-19 13:43:00.000" createdBy="" createDate="2022-12-02 18:26:56.588 UTC" updateDate="2022-12-02 18:26:56.588 UTC" updatedBy="" classVersion="1" id="16C85F22-FCDE-6728-AB1F-092650DB7F8A" name="CapturerFilter_AcceptAll" class="CapturerFilter">
  <description></description>
  <hosts>
    <Item id="F1BFB9A8-FD2D-E0A6-6727-D36610F4FB7F" classVersion="1" class="IPAddress">
      <address>*</address>
      <port>0</port>
      <upperPort>0</upperPort>
    </Item>
  </hosts>
  <isFilterHosts>false</isFilterHosts>
  <isAcceptsUnmatchedHosts>true</isAcceptsUnmatchedHosts>
  <filterHosts/>
  <isFilterClients>false</isFilterClients>
  <isAcceptsUnmatchedClients>true</isAcceptsUnmatchedClients>
  <clients/>
</Entity>