<Entity version="670100" versionTimestamp="2021-05-19 13:43:00.000" createdBy="" createDate="2022-12-02 18:30:11.339 UTC" updateDate="2022-12-02 18:30:11.339 UTC" updatedBy="" classVersion="2" id="AC7D623D-6E77-7626-F9DE-C112EE93EB9B" name="Sensor_3270" class="SensorServiceConfig">
  <description></description>
  <startupType class="StartupType">AutoStart</startupType>
  <captureDevicesList>
    <Item class="IEntityReference">
      <EntityId>DB742C90-A9EC-D64B-0987-729981CC83AC</EntityId>
      <EntityName>CaptureDevice_PCAP</EntityName>
      <EntityTypeId>com.intellinx.configuration.entities.GXCaptureDevice</EntityTypeId>
    </Item>
  </captureDevicesList>
  <applicationPacketHandler id="A6788FBE-B644-849C-F7C0-6675ED0A9747" classVersion="1" class="TN3270ApplicationLayerFilter">
    <useCountLimit>false</useCountLimit>
    <useDataSizeLimit>false</useDataSizeLimit>
    <useTimePeriodLimit>false</useTimePeriodLimit>
    <sessionActivityCountLimit>0</sessionActivityCountLimit>
    <sessionDataSizeLimit value="10" unit="MB" class="data-size"/>
    <sessionTimePeriod value="10" unit="MINUTES" class="time-period"/>
    <isSplitPhysicalSession>false</isSplitPhysicalSession>
    <tcpipMaximumPacketsBufferKB>500</tcpipMaximumPacketsBufferKB>
    <tcpipWaitSeconds>5</tcpipWaitSeconds>
    <isTcpipIgnoreSyn>false</isTcpipIgnoreSyn>
    <isTcpipIgnoreSynAck>false</isTcpipIgnoreSynAck>
    <isTcpipCloseHole>false</isTcpipCloseHole>
    <isTcpipLogHole>false</isTcpipLogHole>
    <isDetectTcpipSingleDirection>false</isDetectTcpipSingleDirection>
    <tcpipSingleDirectionPackets>50</tcpipSingleDirectionPackets>
    <tcpipSequenceReset>10000000</tcpipSequenceReset>
    <dropFileTransmission>false</dropFileTransmission>
    <isIgnoreKeepAlivePackets>false</isIgnoreKeepAlivePackets>
  </applicationPacketHandler>
  <physicalPacketHandlers>
    <Item class="IEntityReference">
      <EntityId>C1C2A7B4-3DFB-84A0-E863-1D1A756C3B75</EntityId>
      <EntityName>PacketHandler_AcceptAll</EntityName>
      <EntityTypeId>com.intellinx.configuration.entities.GXPacketHandler</EntityTypeId>
    </Item>
  </physicalPacketHandlers>
  <packetHandlers/>
  <outputQueues>
    <Item class="IEntityReference">
      <EntityId>B26390C8-FA4B-3746-E746-670B0965D963</EntityId>
      <EntityName>SensorQueue</EntityName>
      <EntityTypeId>com.intellinx.configuration.entities.GXQueue</EntityTypeId>
    </Item>
  </outputQueues>
  <alertQueues/>
  <inactivityTimeout value="1" unit="MONTHS" class="time-period"/>
  <isSplitSession>false</isSplitSession>
  <inactivityTimeoutSplitSession value="1" unit="DAYS" class="time-period"/>
  <inactivityTimeoutClosingPhysicalSession value="30" unit="MINUTES" class="time-period"/>
  <queueMessagesEncrypted>false</queueMessagesEncrypted>
  <isDiscardEmptySessions>true</isDiscardEmptySessions>
  <isHandleDuplicateData>false</isHandleDuplicateData>
  <sessionsRecoveryEnabled>true</sessionsRecoveryEnabled>
  <isPutReloadAttribute>false</isPutReloadAttribute>
  <maxQueuesSizeMB>200</maxQueuesSizeMB>
  <isDoNotUseDriverFilters>false</isDoNotUseDriverFilters>
  <driverFilters/>
  <isOpenSessionAfterFirstScreen>false</isOpenSessionAfterFirstScreen>
  <maxMessageSizeKB>1024</maxMessageSizeKB>
</Entity>