<Entity version="670100" versionTimestamp="2021-05-19 13:43:00.000" createdBy="" createDate="2022-10-24 20:29:52.299 UTC" updateDate="2022-11-10 03:12:46.478 UTC" updatedBy="" classVersion="1" id="5BACDD18-62FF-8056-F1E7-447CFFB718BD" name="Viewer" class="BacklogViewerServiceConfig">
  <description></description>
  <startupType class="StartupType">AutoStart</startupType>
  <dbEntity class="IEntityReference">
    <EntityId>C8541763-CC4B-6FD4-0643-13E8E3620ABA</EntityId>
    <EntityName>BacklogDatabase</EntityName>
    <EntityTypeId>com.intellinx.configuration.entities.GXDBConnection</EntityTypeId>
  </dbEntity>
  <dbConnectionTimeOut>60</dbConnectionTimeOut>
  <isUseSearchEngine>false</isUseSearchEngine>
  <defaultQueryParams id="F32FF4B6-2B40-4D08-49EF-467B467DBD1A" classVersion="1" class="DefaultQueryParams">
    <timePeriod value="1" unit="DAYS" class="time-period"/>
    <recordsPerPage>50</recordsPerPage>
    <sessionState class="SessionState">Both</sessionState>
  </defaultQueryParams>
  <allowFreeTextSearch>true</allowFreeTextSearch>
  <useRemoteDatachannel>false</useRemoteDatachannel>
  <remoteServers/>
  <isUseReplayPermissionsPlugin>false</isUseReplayPermissionsPlugin>
  <replayPermissionsPlugin></replayPermissionsPlugin>
  <replayPermissionsParms></replayPermissionsParms>
</Entity>