<DeployedEntity classVersion="1">
  <entity version="670100" versionTimestamp="2021-05-19 13:43:00.000" classVersion="2" id="9CD35575-B3EE-363E-F2D0-88A1ADA3C656" name="WebDataChannel1" class="WebDataChannel">
    <description></description>
    <businessEvents/>
    <auditEventIdentifierEntities/>
    <patterns/>
    <sessionStartFunction classVersion="1" class="FlowFunction">
      <name>sessionStart</name>
      <retType class="NativeTypes">VoidType</retType>
      <arguments>
        <Item class="DataChannelBuiltinVariables">GlobalContext</Item>
        <Item class="DataChannelBuiltinVariables">Session</Item>
      </arguments>
      <usedIdentifiers/>
    </sessionStartFunction>
    <sessionEndFunction classVersion="1" class="FlowFunction">
      <name>sessionEnd</name>
      <retType class="NativeTypes">VoidType</retType>
      <arguments>
        <Item class="DataChannelBuiltinVariables">GlobalContext</Item>
        <Item class="DataChannelBuiltinVariables">Session</Item>
      </arguments>
      <usedIdentifiers/>
    </sessionEndFunction>
    <dataChannelLoadedFunction classVersion="1" class="FlowFunction">
      <name>dataChannelLoaded</name>
      <retType class="NativeTypes">VoidType</retType>
      <arguments>
        <Item class="DataChannelBuiltinVariables">GlobalContext</Item>
      </arguments>
      <usedIdentifiers/>
    </dataChannelLoadedFunction>
    <functions/>
    <scheduledFlows/>
    <mappingUserIdAutomatically>true</mappingUserIdAutomatically>
    <isSplitNewUser>false</isSplitNewUser>
    <isUppercaseUserId>false</isUppercaseUserId>
    <patternFields/>
    <protocol class="WebProtocol">Http</protocol>
    <charset class="Charset">ISO8859_1</charset>
    <charsetOrder>
      <Item class="AnalysisCharset">ResponseHeaderCharset</Item>
      <Item class="AnalysisCharset">PageHeaderCharset</Item>
      <Item class="AnalysisCharset">DataChannelCharset</Item>
    </charsetOrder>
    <globalUrlDatabase>true</globalUrlDatabase>
    <globalContentTypes>
      <Item class="string">application/javascript</Item>
      <Item class="string">application/x-javascript</Item>
      <Item class="string">text/javascript</Item>
      <Item class="string">application/x-font-woff</Item>
      <Item class="string">text/css</Item>
      <Item class="string">text/x-javascript</Item>
      <Item class="string">image/</Item>
    </globalContentTypes>
    <globalUrlSuffixs>
      <Item class="string">.gif</Item>
      <Item class="string">.css</Item>
      <Item class="string">.woff2</Item>
      <Item class="string">.js</Item>
      <Item class="string">.woff</Item>
      <Item class="string">.eot</Item>
      <Item class="string">.jpeg</Item>
      <Item class="string">.png</Item>
      <Item class="string">.ttf</Item>
    </globalUrlSuffixs>
    <globalResponseCodes/>
    <globalUrls/>
    <isContentTypeFilterActive>true</isContentTypeFilterActive>
    <isResponseCodesFilterActive>false</isResponseCodesFilterActive>
    <isUrlsFilterActive>false</isUrlsFilterActive>
    <isUrlSuffixesFilterActive>true</isUrlSuffixesFilterActive>
    <isAnalyzePlainText>false</isAnalyzePlainText>
    <separators>
      <Item class="string">\\r</Item>
      <Item class="string">\\r\n</Item>
      <Item class="string">\\n</Item>
    </separators>
    <auditUnidentifiedPages>false</auditUnidentifiedPages>
    <hideManualPassword>true</hideManualPassword>
    <hidePasswordValue>true</hidePasswordValue>
    <manualPasswordAttributes>
      <entry>
        <key class="string">password</key>
        <value classVersion="1" class="HttpPasswordAttribute">
          <AttributeName>password</AttributeName>
          <removeFromRequestHttpHeader>false</removeFromRequestHttpHeader>
          <removeFromRequestUrlParameters>true</removeFromRequestUrlParameters>
          <removeFromRequestPostParameters>true</removeFromRequestPostParameters>
          <doNotemoveFromRequestJsonKey>false</doNotemoveFromRequestJsonKey>
          <removeFromRequestData>false</removeFromRequestData>
          <removeFromResponseHeader>false</removeFromResponseHeader>
          <removeFromResponseJsonKey>false</removeFromResponseJsonKey>
          <removeFromResponseData>false</removeFromResponseData>
          <removeFromCookie>true</removeFromCookie>
          <isCaseSensitive class="CaseSensitiveOverride">NotCaseSensitive</isCaseSensitive>
        </value>
      </entry>
    </manualPasswordAttributes>
    <isPasswordCaseSensitive>false</isPasswordCaseSensitive>
    <isMessageCaseSensitive>false</isMessageCaseSensitive>
    <threshold>400</threshold>
    <dropEmptySessions>false</dropEmptySessions>
    <isDropSessions>false</isDropSessions>
    <eventsDropSessions>0</eventsDropSessions>
    <isFilterData>true</isFilterData>
    <filterDataAttributes>
      <Item classVersion="1" class="HttpFilterAttribute">
        <attributeName>__viewstate</attributeName>
        <isFilterRequestHeader>false</isFilterRequestHeader>
        <isFilterCookie>true</isFilterCookie>
        <isFilterPost>true</isFilterPost>
        <isFilterRequestJson>false</isFilterRequestJson>
        <isFilterResponseHeader>false</isFilterResponseHeader>
        <isFilterResponseJson>false</isFilterResponseJson>
        <isFilterBody>false</isFilterBody>
        <isFilterBodyValueAttribute>false</isFilterBodyValueAttribute>
        <isRemoveBodyElement>false</isRemoveBodyElement>
      </Item>
    </filterDataAttributes>
    <isHandleXmlAsHtml>false</isHandleXmlAsHtml>
    <isHandleCDATAAsHtml>false</isHandleCDATAAsHtml>
    <isHandleBinBase64>false</isHandleBinBase64>
    <isDoNotParseHtmlWithinJson>false</isDoNotParseHtmlWithinJson>
    <isParseHtmlUsingOrgHtmlParser>false</isParseHtmlUsingOrgHtmlParser>
    <isDoNotGetUserIdFromNTLM>false</isDoNotGetUserIdFromNTLM>
    <isGetUserFromCookie>false</isGetUserFromCookie>
    <userFromCookieId></userFromCookieId>
    <isGetUserFromUrl>false</isGetUserFromUrl>
    <userFromUrlId></userFromUrlId>
    <isGetUserFromPost>false</isGetUserFromPost>
    <userFromPostId></userFromPostId>
    <isGetUserFromBody>false</isGetUserFromBody>
    <userFromBodyId></userFromBodyId>
    <isDoNotUserInputTag>false</isDoNotUserInputTag>
    <isFireBothSidesEvent>false</isFireBothSidesEvent>
    <ofConfiguration classVersion="0" class="oracleFormsConfiguration">
      <displayType class="OFDisplayType">ActiveForm</displayType>
      <isDisplayHttpPages>true</isDisplayHttpPages>
      <isHandleTicket>false</isHandleTicket>
      <isRightToLeft>false</isRightToLeft>
      <isFilterReasons>false</isFilterReasons>
      <isAcceptReasons>false</isAcceptReasons>
      <filterReasons/>
      <isIgnoreStaticImages>false</isIgnoreStaticImages>
      <isRemoveDuplicateItems>false</isRemoveDuplicateItems>
    </ofConfiguration>
    <isIgnoreCaching>false</isIgnoreCaching>
    <isDoNotIgnoreUrlParameters>false</isDoNotIgnoreUrlParameters>
    <isFireOrderedRequestNumber>false</isFireOrderedRequestNumber>
    <isExposeResponseTextValue>false</isExposeResponseTextValue>
    <isExposeAllParsedFields>false</isExposeAllParsedFields>
    <isDoNotGetTenantFromXTenant>false</isDoNotGetTenantFromXTenant>
    <isDoNotGetUserIdFromXUserid>false</isDoNotGetUserIdFromXUserid>
    <isMappingTenantId>false</isMappingTenantId>
    <isMappingClient>false</isMappingClient>
    <isMappingServer>false</isMappingServer>
  </entity>
  <deploymentDescriptor classVersion="1" class="DeploymentDescriptor">
    <version class="uid">D1A0D68D-00A9-8CEA-6BD4-FD10FF522155</version>
    <deployedDate>2022-11-09 17:26:35.790 UTC</deployedDate>
    <deployedBy></deployedBy>
    <repositoryInfo classVersion="1" class="UrlBasedRepositoryInformation">
      <repositoryName>ServicesRepository</repositoryName>
      <repositoryDescription></repositoryDescription>
      <repositoryUrl>35.91.170.144:30001/services</repositoryUrl>
    </repositoryInfo>
  </deploymentDescriptor>
</DeployedEntity>