<DeployedEntity classVersion="1">
  <entity version="670100" versionTimestamp="2021-05-19 13:43:00.000" classVersion="1" id="D50BD943-72F9-2FBF-66AF-6019C83499E2" name="dc_3270" class="ScreenDataChannel">
    <description></description>
    <businessEvents>
      <Item classVersion="1" id="1FEFF359-7ABC-146D-82D2-4F29ADE7F1FB" name="DC_3270_Access_Event" class="BusinessEvent">
        <description></description>
        <states>
          <Item classVersion="1" id="7A655A83-7A2C-5CFD-15D3-911E77199A9E" name="Final" class="BusinessEventState">
            <type class="StateType">Final</type>
            <transitionAction classVersion="1" class="FlowFunction">
              <name>transtionAction</name>
              <retType class="NativeTypes">VoidType</retType>
              <arguments>
                <Item class="DataChannelBuiltinVariables">Session</Item>
                <Item class="DataChannelBuiltinVariables">GlobalContext</Item>
                <Item class="DataChannelBuiltinVariables">UserEvent</Item>
              </arguments>
              <script></script>
              <usedIdentifiers/>
            </transitionAction>
          </Item>
          <Item classVersion="1" id="7A9B7995-9EE7-F3E5-2FC1-36FB65ED82CA" name="Cancel" class="BusinessEventState">
            <type class="StateType">Cancel</type>
            <transitionAction classVersion="1" class="FlowFunction">
              <name>transtionAction</name>
              <retType class="NativeTypes">VoidType</retType>
              <arguments>
                <Item class="DataChannelBuiltinVariables">Session</Item>
                <Item class="DataChannelBuiltinVariables">GlobalContext</Item>
                <Item class="DataChannelBuiltinVariables">UserEvent</Item>
              </arguments>
              <script></script>
              <usedIdentifiers/>
            </transitionAction>
          </Item>
          <Item classVersion="1" id="3D7B0897-CAA8-E881-69CA-59350DBFE47E" name="Intermediate" class="BusinessEventState">
            <type class="StateType">Intermediate</type>
            <transitionAction classVersion="1" class="FlowFunction">
              <name>transtionAction</name>
              <retType class="NativeTypes">VoidType</retType>
              <arguments>
                <Item class="DataChannelBuiltinVariables">Session</Item>
                <Item class="DataChannelBuiltinVariables">GlobalContext</Item>
                <Item class="DataChannelBuiltinVariables">UserEvent</Item>
              </arguments>
              <script></script>
              <usedIdentifiers/>
            </transitionAction>
          </Item>
        </states>
        <steps>
          <Item classVersion="1" id="A169A61D-C987-A2F0-6ADA-42A62C5329D8" class="BusinessEventStep">
            <inStates>
              <Item class="BuiltinBusinessEventState">Initial</Item>
            </inStates>
            <condition classVersion="1" class="FlowFunction">
              <name>Condition</name>
              <retType class="NativeTypes">BooleanType</retType>
              <arguments>
                <Item class="DataChannelBuiltinVariables">GlobalContext</Item>
                <Item class="ScreenDataChannelBuiltinVariables">AuditEvent</Item>
                <Item class="DataChannelBuiltinVariables">Session</Item>
                <Item class="DataChannelBuiltinVariables">UserEvent</Item>
              </arguments>
              <script>var condition = true;&#xd;
//user-section(target_screens_condition){{&#xd;
condition = condition &amp;&amp; (typeOf(auditEvent.$$0$$.$$1$$) == $$2$$.$$3$$)&#xd;
//}}user-section&#xd;
return condition</script>
              <usedIdentifiers>
                <Item class="ScreenAuditEventBuiltinField">TargetScreen</Item>
                <Item class="ScreenAuditEventBuiltinField">Screen</Item>
                <Item classVersion="1" id="58876EC3-0AFC-2656-B849-946B9F547C93" name="Unidentified" class="Screen">
                  <description></description>
                  <indexed>false</indexed>
                  <contentNotIndexed>false</contentNotIndexed>
                  <actionFunction classVersion="1" class="FlowFunction">
                    <name>Action</name>
                    <retType class="NativeTypes">VoidType</retType>
                    <arguments>
                      <Item class="DataChannelBuiltinVariables">Session</Item>
                      <Item class="DataChannelBuiltinVariables">GlobalContext</Item>
                      <Item class="ScreenDataChannelBuiltinVariables">AuditEvent</Item>
                    </arguments>
                    <script></script>
                    <usedIdentifiers/>
                  </actionFunction>
                  <classField classVersion="1" class="ClassField">
                    <type reference="../.."/>
                  </classField>
                  <enabled>true</enabled>
                  <identifiers>
                    <Item classVersion="1" class="TextIdentifier">
                      <isOperationNot>false</isOperationNot>
                      <startRow>23</startRow>
                      <startColumn>2</startColumn>
                      <endRow>23</endRow>
                      <endColumn>10</endColumn>
                      <text>Enter-PF1</text>
                      <isCaseSensitive>false</isCaseSensitive>
                      <isRegularExpression>false</isRegularExpression>
                      <searchForNoText>false</searchForNoText>
                    </Item>
                  </identifiers>
                  <mappings class="java.util.SortedMap">
                    <entry>
                      <key classVersion="1" id="B102966B-16DB-69AE-4041-226A2522A9CC" name="account_id" class="FieldEntity">
                        <description></description>
                        <typeHolder classVersion="1" class="TypeHolder">
                          <type class="NativeTypes">StringType</type>
                          <isArray>false</isArray>
                          <dimension>0</dimension>
                        </typeHolder>
                        <indexed>false</indexed>
                      </key>
                      <value classVersion="1" class="ScreenFieldMappingByPositionIdentifier">
                        <screen reference="../../../.."/>
                        <length>18</length>
                        <occurrences>1</occurrences>
                        <row>9</row>
                        <column>20</column>
                        <gaps/>
                      </value>
                    </entry>
                    <entry>
                      <key classVersion="1" id="BB92B05E-0402-8ECF-8426-81FE971D3B58" name="customer_id" class="FieldEntity">
                        <description></description>
                        <typeHolder classVersion="1" class="TypeHolder">
                          <type class="NativeTypes">StringType</type>
                          <isArray>false</isArray>
                          <dimension>0</dimension>
                        </typeHolder>
                        <indexed>false</indexed>
                      </key>
                      <value classVersion="1" class="ScreenFieldMappingByPositionIdentifier">
                        <screen reference="../../../.."/>
                        <length>20</length>
                        <occurrences>1</occurrences>
                        <row>6</row>
                        <column>18</column>
                        <gaps/>
                      </value>
                    </entry>
                    <entry>
                      <key classVersion="1" id="E59D2EE1-1AF7-2C50-28AC-7F93FF81C2C2" name="destination_account" class="FieldEntity">
                        <description></description>
                        <typeHolder classVersion="1" class="TypeHolder">
                          <type class="NativeTypes">StringType</type>
                          <isArray>false</isArray>
                          <dimension>0</dimension>
                        </typeHolder>
                        <indexed>false</indexed>
                      </key>
                      <value classVersion="1" class="ScreenFieldMappingByPositionIdentifier">
                        <screen reference="../../../.."/>
                        <length>10</length>
                        <occurrences>1</occurrences>
                        <row>20</row>
                        <column>47</column>
                        <gaps/>
                      </value>
                    </entry>
                    <entry>
                      <key classVersion="1" id="08E268DA-B789-68B9-5005-E5616394FFDF" name="isAccount" class="FieldEntity">
                        <description></description>
                        <typeHolder classVersion="1" class="TypeHolder">
                          <type class="NativeTypes">StringType</type>
                          <isArray>false</isArray>
                          <dimension>0</dimension>
                        </typeHolder>
                        <indexed>false</indexed>
                      </key>
                      <value classVersion="1" class="ScreenFieldMappingByPositionIdentifier">
                        <screen reference="../../../.."/>
                        <length>7</length>
                        <occurrences>1</occurrences>
                        <row>9</row>
                        <column>3</column>
                        <gaps/>
                      </value>
                    </entry>
                    <entry>
                      <key classVersion="1" id="399F098B-3FED-2784-7E98-6551D989D931" name="isCustomer" class="FieldEntity">
                        <description></description>
                        <typeHolder classVersion="1" class="TypeHolder">
                          <type class="NativeTypes">StringType</type>
                          <isArray>false</isArray>
                          <dimension>0</dimension>
                        </typeHolder>
                        <indexed>false</indexed>
                      </key>
                      <value classVersion="1" class="ScreenFieldMappingByPositionIdentifier">
                        <screen reference="../../../.."/>
                        <length>8</length>
                        <occurrences>1</occurrences>
                        <row>6</row>
                        <column>3</column>
                        <gaps/>
                      </value>
                    </entry>
                    <entry>
                      <key classVersion="1" id="C3D772C5-1BD4-2F79-F56E-BFECA3A115C6" name="isTransaction" class="FieldEntity">
                        <description></description>
                        <typeHolder classVersion="1" class="TypeHolder">
                          <type class="NativeTypes">StringType</type>
                          <isArray>false</isArray>
                          <dimension>0</dimension>
                        </typeHolder>
                        <indexed>false</indexed>
                      </key>
                      <value classVersion="1" class="ScreenFieldMappingByPositionIdentifier">
                        <screen reference="../../../.."/>
                        <length>11</length>
                        <occurrences>1</occurrences>
                        <row>10</row>
                        <column>6</column>
                        <gaps/>
                      </value>
                    </entry>
                    <entry>
                      <key classVersion="1" id="24FBB7B6-C9D4-0912-D1ED-058B39E4B07B" name="money_transaction_type" class="FieldEntity">
                        <description></description>
                        <typeHolder classVersion="1" class="TypeHolder">
                          <type class="NativeTypes">StringType</type>
                          <isArray>false</isArray>
                          <dimension>0</dimension>
                        </typeHolder>
                        <indexed>false</indexed>
                      </key>
                      <value classVersion="1" class="ScreenFieldMappingByPositionIdentifier">
                        <screen reference="../../../.."/>
                        <length>2</length>
                        <occurrences>1</occurrences>
                        <row>12</row>
                        <column>27</column>
                        <gaps/>
                      </value>
                    </entry>
                    <entry>
                      <key classVersion="1" id="8D8BFEF8-B762-E194-9863-82C80A7C8D04" name="resource" class="FieldEntity">
                        <description></description>
                        <typeHolder classVersion="1" class="TypeHolder">
                          <type class="NativeTypes">StringType</type>
                          <isArray>false</isArray>
                          <dimension>0</dimension>
                        </typeHolder>
                        <indexed>false</indexed>
                      </key>
                      <value classVersion="1" class="ScreenFieldMappingByPositionIdentifier">
                        <screen reference="../../../.."/>
                        <length>8</length>
                        <occurrences>1</occurrences>
                        <row>2</row>
                        <column>2</column>
                        <gaps/>
                      </value>
                    </entry>
                    <entry>
                      <key classVersion="1" id="D71F01C4-B80E-BE65-2980-4BE1B23E8661" name="resourceLocation" class="FieldEntity">
                        <description></description>
                        <typeHolder classVersion="1" class="TypeHolder">
                          <type class="NativeTypes">StringType</type>
                          <isArray>false</isArray>
                          <dimension>0</dimension>
                        </typeHolder>
                        <indexed>false</indexed>
                      </key>
                      <value classVersion="1" class="ScreenFieldMappingByPositionIdentifier">
                        <screen reference="../../../.."/>
                        <length>49</length>
                        <occurrences>1</occurrences>
                        <row>2</row>
                        <column>13</column>
                        <gaps/>
                      </value>
                    </entry>
                    <entry>
                      <key classVersion="1" id="2D8FD1B9-B8FB-8B2A-7DEE-8D78191AB95E" name="resourceName" class="FieldEntity">
                        <description></description>
                        <typeHolder classVersion="1" class="TypeHolder">
                          <type class="NativeTypes">StringType</type>
                          <isArray>false</isArray>
                          <dimension>0</dimension>
                        </typeHolder>
                        <indexed>false</indexed>
                      </key>
                      <value classVersion="1" class="ScreenFieldMappingByPositionIdentifier">
                        <screen reference="../../../.."/>
                        <length>60</length>
                        <occurrences>1</occurrences>
                        <row>3</row>
                        <column>2</column>
                        <gaps/>
                      </value>
                    </entry>
                    <entry>
                      <key classVersion="1" id="03BC5ED0-EB71-7F51-B3ED-7081116E4D8B" name="source_account" class="FieldEntity">
                        <description></description>
                        <typeHolder classVersion="1" class="TypeHolder">
                          <type class="NativeTypes">StringType</type>
                          <isArray>false</isArray>
                          <dimension>0</dimension>
                        </typeHolder>
                        <indexed>false</indexed>
                      </key>
                      <value classVersion="1" class="ScreenFieldMappingByPositionIdentifier">
                        <screen reference="../../../.."/>
                        <length>7</length>
                        <occurrences>1</occurrences>
                        <row>8</row>
                        <column>13</column>
                        <gaps/>
                      </value>
                    </entry>
                    <entry>
                      <key classVersion="1" id="51CFDB2E-A125-0773-B00D-5D1170E9A612" name="transaction_amount" class="FieldEntity">
                        <description></description>
                        <typeHolder classVersion="1" class="TypeHolder">
                          <type class="NativeTypes">StringType</type>
                          <isArray>false</isArray>
                          <dimension>0</dimension>
                        </typeHolder>
                        <indexed>false</indexed>
                      </key>
                      <value classVersion="1" class="ScreenFieldMappingByPositionIdentifier">
                        <screen reference="../../../.."/>
                        <length>12</length>
                        <occurrences>1</occurrences>
                        <row>13</row>
                        <column>27</column>
                        <gaps/>
                      </value>
                    </entry>
                    <entry>
                      <key classVersion="1" id="DD22D075-ACB0-3946-A801-00B4BB653102" name="transaction_reference" class="FieldEntity">
                        <description></description>
                        <typeHolder classVersion="1" class="TypeHolder">
                          <type class="NativeTypes">StringType</type>
                          <isArray>false</isArray>
                          <dimension>0</dimension>
                        </typeHolder>
                        <indexed>false</indexed>
                      </key>
                      <value classVersion="1" class="ScreenFieldMappingByPositionIdentifier">
                        <screen reference="../../../.."/>
                        <length>20</length>
                        <occurrences>1</occurrences>
                        <row>10</row>
                        <column>53</column>
                        <gaps/>
                      </value>
                    </entry>
                  </mappings>
                </Item>
                <Item reference="../Item[3]/classField"/>
              </usedIdentifiers>
            </condition>
            <action classVersion="1" class="FlowFunction">
              <name>Action</name>
              <retType class="NativeTypes">VoidType</retType>
              <arguments>
                <Item class="DataChannelBuiltinVariables">GlobalContext</Item>
                <Item class="ScreenDataChannelBuiltinVariables">AuditEvent</Item>
                <Item class="DataChannelBuiltinVariables">Session</Item>
                <Item class="DataChannelBuiltinVariables">UserEvent</Item>
              </arguments>
              <script>//user-section(declare_variables){{&#xd;
var ret = businessEvent.$$0$$;&#xd;
//}}user-section&#xd;
//user-section(mapper){{&#xd;
ret.$$1$$ = auditEvent.$$2$$.$$3$$.$$4$$;&#xd;
ret.$$5$$ = auditEvent.$$2$$.$$6$$;&#xd;
ret.$$7$$ = session.$$8$$.$$9$$;&#xd;
ret.$$10$$ = session.$$11$$;&#xd;
ret.$$12$$ = session.$$13$$;&#xd;
ret.$$14$$ = session.$$15$$;&#xd;
ret.$$16$$ = session.$$17$$;&#xd;
ret.$$18$$ = session.$$19$$;&#xd;
ret.$$20$$ = session.$$21$$;&#xd;
ret.$$22$$ = &quot;EventsToExternalSystem&quot;;&#xd;
ret.$$23$$ = $$24$$ + &quot;?gxsessionid=&quot; + session.$$11$$ + &quot;&amp;gxstep=&quot; + $$26$$(session.$$25$$);&#xd;
ret.$$27$$ = $$26$$(session.$$28$$);&#xd;
ret.$$29$$ = &quot;Access&quot;;&#xd;
ret.$$30$$ = $$26$$(auditEvent.$$31$$ * 1000000);&#xd;
ret.$$32$$ = $$26$$(auditEvent.$$33$$ * 1000000);&#xd;
ret.$$34$$ = $$26$$(session.$$25$$);&#xd;
ret.$$35$$ = $$37$$(auditEvent.$$2$$.$$3$$.$$36$$) + &quot; - &quot; + $$37$$(auditEvent.$$2$$.$$3$$.$$38$$);&#xd;
ret.$$39$$ = &quot;&quot;;&#xd;
ret.$$40$$ = &quot;&quot;;&#xd;
ret.$$41$$ = &quot;&quot;;&#xd;
ret.$$42$$ = session.$$8$$.$$9$$ + &quot; accessed the following resource: &quot; + auditEvent.$$2$$.$$3$$.$$4$$;&#xd;
ret.$$43$$ = $$46$$(auditEvent.$$2$$.$$3$$.$$44$$.contains(&quot;Customer&quot;), auditEvent.$$2$$.$$3$$.$$45$$, &quot;&quot;);&#xd;
ret.$$47$$ = $$46$$(auditEvent.$$2$$.$$3$$.$$48$$.contains(&quot;Account&quot;), auditEvent.$$2$$.$$3$$.$$49$$, $$46$$(auditEvent.$$2$$.$$3$$.$$50$$.contains(&quot;Transaction&quot;), auditEvent.$$2$$.$$3$$.$$51$$, &quot;&quot;));&#xd;
ret.$$52$$ = $$46$$(auditEvent.$$2$$.$$3$$.$$50$$.contains(&quot;Transaction&quot;), auditEvent.$$2$$.$$3$$.$$51$$, &quot;&quot;);&#xd;
ret.$$53$$ = $$46$$(auditEvent.$$2$$.$$3$$.$$50$$.contains(&quot;Transaction&quot;), auditEvent.$$2$$.$$3$$.$$54$$, &quot;&quot;);&#xd;
ret.$$55$$ = $$46$$(auditEvent.$$2$$.$$3$$.$$50$$.contains(&quot;Transaction&quot;), $$46$$(auditEvent.$$2$$.$$3$$.$$56$$.trim() == &quot;____________&quot;, &quot;1&quot;, auditEvent.$$2$$.$$3$$.$$56$$), &quot;0&quot;);&#xd;
ret.$$57$$ = $$46$$(auditEvent.$$2$$.$$3$$.$$50$$.contains(&quot;Transaction&quot;), auditEvent.$$2$$.$$3$$.$$58$$, &quot;&quot;);&#xd;
ret.$$59$$ = $$46$$(auditEvent.$$2$$.$$3$$.$$50$$.contains(&quot;Transaction&quot;), auditEvent.$$2$$.$$3$$.$$60$$, &quot;&quot;);&#xd;
//}}user-section&#xd;
if(Not ret.$$35$$.contains(&quot;Error&quot;) And Not ret.$$35$$.contains(&quot;Programming&quot;) And Not ret.$$35$$.contains(&quot;Objects&quot;) And Not ret.$$35$$.contains(&quot;- Main Menu - -&quot;)){&#xd;
	//user-section(execute_function){{&#xd;
	$$61$$.$$62$$(ret.$$22$$, &quot;{\&quot;bottomline.mainframe.activity.type\&quot;:\&quot;&quot; + ret.$$29$$ + &#xd;
	&quot;\&quot;,\&quot;bottomline.mainframe.activity.timestamp\&quot;:\&quot;&quot; + ret.$$27$$ + &#xd;
	&quot;\&quot;,\&quot;bottomline.mainframe.activity.resource.code\&quot;:\&quot;&quot; + ret.$$1$$ + &#xd;
	&quot;\&quot;,\&quot;bottomline.mainframe.activity.resource.name\&quot;:\&quot;&quot; + ret.$$35$$ + &#xd;
	&quot;\&quot;,\&quot;bottomline.mainframe.activity.resource.@duration\&quot;:&quot; + ret.$$32$$ + &#xd;
	&quot;,\&quot;bottomline.mainframe.activity.message\&quot;:\&quot;&quot; + ret.$$42$$ + &#xd;
	&quot;\&quot;,\&quot;bottomline.mainframe.activity.customer.id\&quot;:\&quot;&quot; + ret.$$43$$ + &#xd;
	&quot;\&quot;,\&quot;bottomline.mainframe.activity.account.id\&quot;:\&quot;&quot; + ret.$$47$$ + &#xd;
	&quot;\&quot;,\&quot;bottomline.mainframe.activity.reference\&quot;:\&quot;&quot; + ret.$$39$$ + &#xd;
	&quot;\&quot;,\&quot;bottomline.mainframe.activity.money.amount\&quot;:&quot; + ret.$$55$$ + &#xd;
	&quot;,\&quot;bottomline.mainframe.activity.money.destination\&quot;:\&quot;&quot; + ret.$$53$$ + &#xd;
	&quot;\&quot;,\&quot;bottomline.mainframe.activity.money.source\&quot;:\&quot;&quot; + ret.$$52$$ + &#xd;
	&quot;\&quot;,\&quot;bottomline.mainframe.activity.money.transaction_type\&quot;:\&quot;&quot; + ret.$$59$$ + &#xd;
	&quot;\&quot;,\&quot;bottomline.mainframe.activity.money.reference\&quot;:\&quot;&quot; + ret.$$57$$ + &#xd;
	&quot;\&quot;,\&quot;bottomline.mainframe.activity.money.destination.currency\&quot;:\&quot;&quot; + ret.$$41$$ + &#xd;
	&quot;\&quot;,\&quot;bottomline.mainframe.activity.money.source.currency\&quot;:\&quot;&quot; + ret.$$40$$ + &#xd;
	&quot;\&quot;,\&quot;bottomline.mainframe.activity.@network.client.ip\&quot;:\&quot;&quot; + ret.$$16$$ + &#xd;
	&quot;\&quot;,\&quot;bottomline.mainframe.activity.@network.destination.ip\&quot;:\&quot;&quot; + ret.$$14$$ + &#xd;
	&quot;\&quot;,\&quot;bottomline.mainframe.activity.@usr.id\&quot;:\&quot;&quot; + ret.$$7$$ + &#xd;
	&quot;\&quot;,\&quot;bottomline.mainframe.activity.@usr.action\&quot;:\&quot;&quot; + ret.$$5$$ + &#xd;
	&quot;\&quot;,\&quot;bottomline.mainframe.activity.@usr.@duration\&quot;:&quot; + ret.$$30$$ + &#xd;
	&quot;,\&quot;bottomline.mainframe.activity.session.id\&quot;:\&quot;&quot; + ret.$$10$$ + &#xd;
	&quot;\&quot;,\&quot;bottomline.mainframe.activity.session.step\&quot;:\&quot;&quot; + ret.$$34$$ + &#xd;
	&quot;\&quot;,\&quot;bottomline.mainframe.activity.session.type\&quot;:\&quot;&quot; + ret.$$12$$ + &#xd;
	&quot;\&quot;,\&quot;bottomline.mainframe.activity.session.source\&quot;:\&quot;&quot; + ret.$$18$$ + &#xd;
	&quot;\&quot;,\&quot;bottomline.mainframe.activity.session.timezone\&quot;:\&quot;&quot; + ret.$$20$$ + &#xd;
	&quot;\&quot;,\&quot;bottomline.mainframe.activity.session.replay\&quot;:\&quot;&quot; + ret.$$23$$ + &#xd;
	&quot;\&quot;}&quot;);&#xd;
	//}}user-section&#xd;
}&#xd;
</script>
              <usedIdentifiers>
                <Item classVersion="1" id="F1D0004C-5DAD-0D04-DFE1-BFF6A2DE134E" class="Field">
                  <name>event_json</name>
                  <typeDescriptor classVersion="1" id="181503E6-00EA-9459-83D7-3D405F8B43DB" name="Event_JSON" class="DataTypeEntity">
                    <description></description>
                    <fields>
                      <Item classVersion="1" id="C86C8362-D368-21D3-3793-41ABB496C9F6" class="Field">
                        <name>evt_name</name>
                        <typeDescriptor class="NativeTypes">StringType</typeDescriptor>
                        <description></description>
                      </Item>
                      <Item classVersion="1" id="506E8822-28BD-DF67-CBDF-1090A5EA58D6" class="Field">
                        <name>evt_rousource_code</name>
                        <typeDescriptor class="NativeTypes">StringType</typeDescriptor>
                        <description></description>
                      </Item>
                      <Item classVersion="1" id="83C46453-166A-0B32-666A-3331DEE1121A" class="Field">
                        <name>evt_resource_name</name>
                        <typeDescriptor class="NativeTypes">StringType</typeDescriptor>
                        <description></description>
                      </Item>
                      <Item classVersion="1" id="A16DC0AA-A745-EA34-9A95-FD032A94170C" class="Field">
                        <name>evt_resource_duration</name>
                        <typeDescriptor class="NativeTypes">StringType</typeDescriptor>
                        <description></description>
                      </Item>
                      <Item classVersion="1" id="3CD8B6A9-0664-C856-E52A-0793F747B5B7" class="Field">
                        <name>evt_message</name>
                        <typeDescriptor class="NativeTypes">StringType</typeDescriptor>
                        <description></description>
                      </Item>
                      <Item classVersion="1" id="4051BDCF-C1A6-219A-C3E2-6E671483937C" class="Field">
                        <name>evt_timestamp</name>
                        <typeDescriptor class="NativeTypes">StringType</typeDescriptor>
                        <description></description>
                      </Item>
                      <Item classVersion="1" id="8057EA00-64BE-CADC-8007-9DFB6E7A6D2B" class="Field">
                        <name>evt_customer_id</name>
                        <typeDescriptor class="NativeTypes">StringType</typeDescriptor>
                        <description></description>
                      </Item>
                      <Item classVersion="1" id="5B12BE96-48D8-8E5E-42C8-297470232B29" class="Field">
                        <name>evt_account_id</name>
                        <typeDescriptor class="NativeTypes">StringType</typeDescriptor>
                        <description></description>
                      </Item>
                      <Item classVersion="1" id="F20A6D83-0B07-7513-458C-B7821699B6A3" class="Field">
                        <name>evt_reference</name>
                        <typeDescriptor class="NativeTypes">StringType</typeDescriptor>
                        <description></description>
                      </Item>
                      <Item classVersion="1" id="DE6C9B13-A35E-A37E-7EC4-AAE0B182A4DB" class="Field">
                        <name>evt_money_amount</name>
                        <typeDescriptor class="NativeTypes">StringType</typeDescriptor>
                        <description></description>
                      </Item>
                      <Item classVersion="1" id="E7EEABEF-5AC7-C011-48FD-DD06E0A5007A" class="Field">
                        <name>evt_money_destination</name>
                        <typeDescriptor class="NativeTypes">StringType</typeDescriptor>
                        <description></description>
                      </Item>
                      <Item classVersion="1" id="76A5091B-9336-907C-DE21-E6B3833AE4DB" class="Field">
                        <name>evt_money_source</name>
                        <typeDescriptor class="NativeTypes">StringType</typeDescriptor>
                        <description></description>
                      </Item>
                      <Item classVersion="1" id="E3F9E5E1-5DD0-1746-CEC6-C39E0346A940" class="Field">
                        <name>evt_money_reference</name>
                        <typeDescriptor class="NativeTypes">StringType</typeDescriptor>
                        <description></description>
                      </Item>
                      <Item classVersion="1" id="FBA77E61-642F-F3C1-E0E7-2988A19D5203" class="Field">
                        <name>evt_money_destination_currency</name>
                        <typeDescriptor class="NativeTypes">StringType</typeDescriptor>
                        <description></description>
                      </Item>
                      <Item classVersion="1" id="FB40855A-9ECE-6F3F-CB4E-247EBB19CF06" class="Field">
                        <name>evt_money_source_currency</name>
                        <typeDescriptor class="NativeTypes">StringType</typeDescriptor>
                        <description></description>
                      </Item>
                      <Item classVersion="1" id="A64C8940-49CA-FAFE-6A84-5966AA566FC1" class="Field">
                        <name>network_client_ip</name>
                        <typeDescriptor class="NativeTypes">StringType</typeDescriptor>
                        <description></description>
                      </Item>
                      <Item classVersion="1" id="4CE26D0C-BDAB-406B-6E07-8A4E389F7350" class="Field">
                        <name>network_destination_ip</name>
                        <typeDescriptor class="NativeTypes">StringType</typeDescriptor>
                        <description></description>
                      </Item>
                      <Item classVersion="1" id="2918F5E7-835E-9CDE-48DD-D40EDA4D2E90" class="Field">
                        <name>usr_id</name>
                        <typeDescriptor class="NativeTypes">StringType</typeDescriptor>
                        <description></description>
                      </Item>
                      <Item classVersion="1" id="E4B987C4-84D6-FA99-F58F-166D0C95D7D1" class="Field">
                        <name>user_duration</name>
                        <typeDescriptor class="NativeTypes">StringType</typeDescriptor>
                        <description></description>
                      </Item>
                      <Item classVersion="1" id="FB3D120B-C2A6-7D2E-6EA2-DD7371EF44E2" class="Field">
                        <name>user_action</name>
                        <typeDescriptor class="NativeTypes">StringType</typeDescriptor>
                        <description></description>
                      </Item>
                      <Item classVersion="1" id="91EE34C5-F16F-CA72-41D8-F5C5BD485354" class="Field">
                        <name>session_id</name>
                        <typeDescriptor class="NativeTypes">StringType</typeDescriptor>
                        <description></description>
                      </Item>
                      <Item classVersion="1" id="B3F2D67E-7057-035B-5B62-9E1E8B8AB0FD" class="Field">
                        <name>session_replay</name>
                        <typeDescriptor class="NativeTypes">StringType</typeDescriptor>
                        <description></description>
                      </Item>
                      <Item classVersion="1" id="ED1BA272-D53C-8D3B-53BD-01A389AAC475" class="Field">
                        <name>session_step</name>
                        <typeDescriptor class="NativeTypes">StringType</typeDescriptor>
                        <description></description>
                      </Item>
                      <Item classVersion="1" id="57BDF6A6-DCEC-44E9-20CF-57FE9927F02F" class="Field">
                        <name>session_type</name>
                        <typeDescriptor class="NativeTypes">StringType</typeDescriptor>
                        <description></description>
                      </Item>
                      <Item classVersion="1" id="08A5734C-18AA-D83A-CCD0-BF3D88D27C6E" class="Field">
                        <name>session_source</name>
                        <typeDescriptor class="NativeTypes">StringType</typeDescriptor>
                        <description></description>
                      </Item>
                      <Item classVersion="1" id="931C7CC6-66CB-5799-C8D9-A2B46DA1EE36" class="Field">
                        <name>session_timezone</name>
                        <typeDescriptor class="NativeTypes">StringType</typeDescriptor>
                        <description></description>
                      </Item>
                      <Item classVersion="1" id="55C4351A-6026-0353-6D77-AE69F2EFEE68" class="Field">
                        <name>logger</name>
                        <typeDescriptor class="NativeTypes">StringType</typeDescriptor>
                        <description></description>
                      </Item>
                      <Item classVersion="1" id="56BC1CA6-0D78-ECF8-E76F-6793BF164DB5" class="Field">
                        <name>evt_money_transaction_type</name>
                        <typeDescriptor class="NativeTypes">StringType</typeDescriptor>
                        <description></description>
                      </Item>
                    </fields>
                  </typeDescriptor>
                  <description></description>
                </Item>
                <Item reference="../Item/typeDescriptor/fields/Item[2]"/>
                <Item class="ScreenAuditEventBuiltinField">SourceScreen</Item>
                <Item class="ScreenAuditEventBuiltinField">ScreenFields</Item>
                <Item reference="../../../condition/usedIdentifiers/Item[3]/mappings/entry[8]/key"/>
                <Item reference="../Item/typeDescriptor/fields/Item[20]"/>
                <Item class="ScreenAuditEventBuiltinField">SentKey</Item>
                <Item reference="../Item/typeDescriptor/fields/Item[18]"/>
                <Item class="DataChannelBuiltinFields">SessionVariables</Item>
                <Item class="BuiltinSessionVariable">UserID</Item>
                <Item reference="../Item/typeDescriptor/fields/Item[21]"/>
                <Item class="SessionSimpleFields">Id</Item>
                <Item reference="../Item/typeDescriptor/fields/Item[24]"/>
                <Item class="SessionSimpleFields">Type</Item>
                <Item reference="../Item/typeDescriptor/fields/Item[17]"/>
                <Item class="SessionSimpleFields">Server</Item>
                <Item reference="../Item/typeDescriptor/fields/Item[16]"/>
                <Item class="SessionSimpleFields">Client</Item>
                <Item reference="../Item/typeDescriptor/fields/Item[25]"/>
                <Item class="SessionSimpleFields">Source</Item>
                <Item reference="../Item/typeDescriptor/fields/Item[26]"/>
                <Item class="SessionSimpleFields">TimeZone</Item>
                <Item reference="../Item/typeDescriptor/fields/Item[27]"/>
                <Item reference="../Item/typeDescriptor/fields/Item[22]"/>
                <Item classVersion="1" id="32C358C2-02E1-2BE7-EF5F-FF762BDA4234" name="replay_url" class="ConstantVariable">
                  <description></description>
                  <typeDescriptor class="NativeTypes">StringType</typeDescriptor>
                  <constantValue class="string">http://35.87.210.81:30023/replay/cfrm_replay/replay.jsp</constantValue>
                </Item>
                <Item class="SessionSimpleFields">AuditEventsNumber</Item>
                <Item class="ConvertFunctions">ToString</Item>
                <Item reference="../Item/typeDescriptor/fields/Item[6]"/>
                <Item class="SessionSimpleFields">ActivityTimestamp</Item>
                <Item reference="../Item/typeDescriptor/fields/Item"/>
                <Item reference="../Item/typeDescriptor/fields/Item[19]"/>
                <Item class="ScreenAuditEventBuiltinField">UserResponseTime</Item>
                <Item reference="../Item/typeDescriptor/fields/Item[4]"/>
                <Item class="ScreenAuditEventBuiltinField">HostResponseTime</Item>
                <Item reference="../Item/typeDescriptor/fields/Item[23]"/>
                <Item reference="../Item/typeDescriptor/fields/Item[3]"/>
                <Item reference="../../../condition/usedIdentifiers/Item[3]/mappings/entry[9]/key"/>
                <Item class="StringFunctions">Trim</Item>
                <Item reference="../../../condition/usedIdentifiers/Item[3]/mappings/entry[10]/key"/>
                <Item reference="../Item/typeDescriptor/fields/Item[9]"/>
                <Item reference="../Item/typeDescriptor/fields/Item[15]"/>
                <Item reference="../Item/typeDescriptor/fields/Item[14]"/>
                <Item reference="../Item/typeDescriptor/fields/Item[5]"/>
                <Item reference="../Item/typeDescriptor/fields/Item[7]"/>
                <Item reference="../../../condition/usedIdentifiers/Item[3]/mappings/entry[5]/key"/>
                <Item reference="../../../condition/usedIdentifiers/Item[3]/mappings/entry[2]/key"/>
                <Item class="CheckFunctions">IIf</Item>
                <Item reference="../Item/typeDescriptor/fields/Item[8]"/>
                <Item reference="../../../condition/usedIdentifiers/Item[3]/mappings/entry[4]/key"/>
                <Item reference="../../../condition/usedIdentifiers/Item[3]/mappings/entry/key"/>
                <Item reference="../../../condition/usedIdentifiers/Item[3]/mappings/entry[6]/key"/>
                <Item reference="../../../condition/usedIdentifiers/Item[3]/mappings/entry[11]/key"/>
                <Item reference="../Item/typeDescriptor/fields/Item[12]"/>
                <Item reference="../Item/typeDescriptor/fields/Item[11]"/>
                <Item reference="../../../condition/usedIdentifiers/Item[3]/mappings/entry[3]/key"/>
                <Item reference="../Item/typeDescriptor/fields/Item[10]"/>
                <Item reference="../../../condition/usedIdentifiers/Item[3]/mappings/entry[12]/key"/>
                <Item reference="../Item/typeDescriptor/fields/Item[13]"/>
                <Item reference="../../../condition/usedIdentifiers/Item[3]/mappings/entry[13]/key"/>
                <Item reference="../Item/typeDescriptor/fields/Item[28]"/>
                <Item reference="../../../condition/usedIdentifiers/Item[3]/mappings/entry[7]/key"/>
                <Item class="LoggingTypes">Logger</Item>
                <Item class="LoggerStaticMethods">log</Item>
              </usedIdentifiers>
            </action>
            <defaultOutState reference="../../../states/Item"/>
          </Item>
        </steps>
        <finalStateAction classVersion="1" class="FlowFunction">
          <name>finalStateAction</name>
          <retType class="NativeTypes">VoidType</retType>
          <arguments>
            <Item class="DataChannelBuiltinVariables">UserEvent</Item>
            <Item class="DataChannelBuiltinVariables">GlobalContext</Item>
            <Item class="DataChannelBuiltinVariables">Session</Item>
          </arguments>
          <script></script>
          <usedIdentifiers/>
        </finalStateAction>
        <intermediateStateAction classVersion="1" class="FlowFunction">
          <name>intermediateStateAction</name>
          <retType class="NativeTypes">VoidType</retType>
          <arguments>
            <Item class="DataChannelBuiltinVariables">UserEvent</Item>
            <Item class="DataChannelBuiltinVariables">GlobalContext</Item>
            <Item class="DataChannelBuiltinVariables">Session</Item>
          </arguments>
          <script></script>
          <usedIdentifiers/>
        </intermediateStateAction>
        <cancelStateAction classVersion="1" class="FlowFunction">
          <name>cancelStateAction</name>
          <retType class="NativeTypes">VoidType</retType>
          <arguments>
            <Item class="DataChannelBuiltinVariables">UserEvent</Item>
            <Item class="DataChannelBuiltinVariables">GlobalContext</Item>
            <Item class="DataChannelBuiltinVariables">Session</Item>
          </arguments>
          <script></script>
          <usedIdentifiers/>
        </cancelStateAction>
        <enabled>true</enabled>
        <fields>
          <Item reference="../../steps/Item/action/usedIdentifiers/Item"/>
        </fields>
      </Item>
      <Item classVersion="1" id="C7778B40-F2F1-EA5F-5048-AE135729A071" name="DC_3270_Login_Event" class="BusinessEvent">
        <description></description>
        <states>
          <Item classVersion="1" id="24A6815D-E3CF-5709-A9AB-368B9D7357C0" name="Final" class="BusinessEventState">
            <type class="StateType">Final</type>
            <transitionAction classVersion="1" class="FlowFunction">
              <name>transtionAction</name>
              <retType class="NativeTypes">VoidType</retType>
              <arguments>
                <Item class="DataChannelBuiltinVariables">Session</Item>
                <Item class="DataChannelBuiltinVariables">GlobalContext</Item>
                <Item class="DataChannelBuiltinVariables">UserEvent</Item>
              </arguments>
              <script></script>
              <usedIdentifiers/>
            </transitionAction>
          </Item>
          <Item classVersion="1" id="E937E018-19A6-BA88-1FB9-3D33144CE97B" name="Cancel" class="BusinessEventState">
            <type class="StateType">Cancel</type>
            <transitionAction classVersion="1" class="FlowFunction">
              <name>transtionAction</name>
              <retType class="NativeTypes">VoidType</retType>
              <arguments>
                <Item class="DataChannelBuiltinVariables">Session</Item>
                <Item class="DataChannelBuiltinVariables">GlobalContext</Item>
                <Item class="DataChannelBuiltinVariables">UserEvent</Item>
              </arguments>
              <script></script>
              <usedIdentifiers/>
            </transitionAction>
          </Item>
          <Item classVersion="1" id="DB0343A2-1D7C-DE5B-3193-11500B1ECE34" name="Intermediate" class="BusinessEventState">
            <type class="StateType">Intermediate</type>
            <transitionAction classVersion="1" class="FlowFunction">
              <name>transtionAction</name>
              <retType class="NativeTypes">VoidType</retType>
              <arguments>
                <Item class="DataChannelBuiltinVariables">Session</Item>
                <Item class="DataChannelBuiltinVariables">GlobalContext</Item>
                <Item class="DataChannelBuiltinVariables">UserEvent</Item>
              </arguments>
              <script></script>
              <usedIdentifiers/>
            </transitionAction>
          </Item>
        </states>
        <steps>
          <Item classVersion="1" id="839BFC39-4F3D-9FDB-3EA0-1A5BFC6B2B3D" class="BusinessEventStep">
            <inStates>
              <Item class="BuiltinBusinessEventState">Initial</Item>
            </inStates>
            <condition classVersion="1" class="FlowFunction">
              <name>Condition</name>
              <retType class="NativeTypes">BooleanType</retType>
              <arguments>
                <Item class="DataChannelBuiltinVariables">GlobalContext</Item>
                <Item class="ScreenDataChannelBuiltinVariables">AuditEvent</Item>
                <Item class="DataChannelBuiltinVariables">Session</Item>
                <Item class="DataChannelBuiltinVariables">UserEvent</Item>
              </arguments>
              <script>var condition = true;&#xd;
//user-section(source_screens_condition){{&#xd;
condition = condition &amp;&amp; (typeOf(auditEvent.$$0$$.$$1$$) == $$2$$.$$3$$ || typeOf(auditEvent.$$0$$.$$1$$) == $$4$$.$$5$$)&#xd;
//}}user-section&#xd;
//user-section(user_action_condition){{&#xd;
condition = condition &amp;&amp; (auditEvent.$$0$$.$$6$$ == &quot;[enter]&quot;)&#xd;
//}}user-section&#xd;
return condition</script>
              <usedIdentifiers>
                <Item class="ScreenAuditEventBuiltinField">SourceScreen</Item>
                <Item class="ScreenAuditEventBuiltinField">Screen</Item>
                <Item classVersion="1" id="CF48BE2E-3661-704A-A6FC-518F2E88D260" name="DC_3270_Login" class="Screen">
                  <description></description>
                  <indexed>false</indexed>
                  <contentNotIndexed>false</contentNotIndexed>
                  <actionFunction classVersion="1" class="FlowFunction">
                    <name>Action</name>
                    <retType class="NativeTypes">VoidType</retType>
                    <arguments>
                      <Item class="DataChannelBuiltinVariables">Session</Item>
                      <Item class="DataChannelBuiltinVariables">GlobalContext</Item>
                      <Item class="ScreenDataChannelBuiltinVariables">AuditEvent</Item>
                    </arguments>
                    <script></script>
                    <usedIdentifiers/>
                  </actionFunction>
                  <classField classVersion="1" class="ClassField">
                    <type reference="../.."/>
                  </classField>
                  <enabled>true</enabled>
                  <identifiers>
                    <Item classVersion="1" class="TextIdentifier">
                      <isOperationNot>false</isOperationNot>
                      <startRow>20</startRow>
                      <startColumn>48</startColumn>
                      <endRow>20</endRow>
                      <endColumn>54</endColumn>
                      <text>User ID</text>
                      <isCaseSensitive>false</isCaseSensitive>
                      <isRegularExpression>false</isRegularExpression>
                      <searchForNoText>false</searchForNoText>
                    </Item>
                    <Item classVersion="1" class="TextIdentifier">
                      <isOperationNot>false</isOperationNot>
                      <startRow>20</startRow>
                      <startColumn>18</startColumn>
                      <endRow>20</endRow>
                      <endColumn>31</endColumn>
                      <text>Application ID</text>
                      <isCaseSensitive>false</isCaseSensitive>
                      <isRegularExpression>false</isRegularExpression>
                      <searchForNoText>false</searchForNoText>
                    </Item>
                    <Item classVersion="1" class="TextIdentifier">
                      <isOperationNot>false</isOperationNot>
                      <startRow>21</startRow>
                      <startColumn>24</startColumn>
                      <endRow>21</endRow>
                      <endColumn>31</endColumn>
                      <text>Password</text>
                      <isCaseSensitive>false</isCaseSensitive>
                      <isRegularExpression>false</isRegularExpression>
                      <searchForNoText>false</searchForNoText>
                    </Item>
                    <Item classVersion="1" class="TextIdentifier">
                      <isOperationNot>false</isOperationNot>
                      <startRow>15</startRow>
                      <startColumn>21</startColumn>
                      <endRow>15</endRow>
                      <endColumn>61</endColumn>
                      <text>INTEGRATED CIRCULATION INFORMATION SYSTEM</text>
                      <isCaseSensitive>false</isCaseSensitive>
                      <isRegularExpression>false</isRegularExpression>
                      <searchForNoText>false</searchForNoText>
                    </Item>
                  </identifiers>
                  <mappings class="java.util.SortedMap">
                    <entry>
                      <key classVersion="1" id="5E052DAB-0C53-5559-8709-38D1A886B8B5" name="user_id" class="FieldEntity">
                        <description></description>
                        <typeHolder classVersion="1" class="TypeHolder">
                          <type class="NativeTypes">StringType</type>
                          <isArray>false</isArray>
                          <dimension>0</dimension>
                        </typeHolder>
                        <indexed>false</indexed>
                      </key>
                      <value classVersion="1" class="ScreenFieldMappingByLabelIdentifier">
                        <screen reference="../../../.."/>
                        <labelPosition class="LabelPosition">Before</labelPosition>
                        <possibleLabels>
                          <Item class="string">User ID:</Item>
                        </possibleLabels>
                        <lableMappingMethod class="LabelMappingMethod">UNPROTECTED</lableMappingMethod>
                      </value>
                    </entry>
                  </mappings>
                </Item>
                <Item reference="../Item[3]/classField"/>
                <Item classVersion="1" id="45E394A6-D86A-E202-381F-B6E9F4424D1F" name="SignonToCics" class="Screen">
                  <description></description>
                  <indexed>false</indexed>
                  <contentNotIndexed>false</contentNotIndexed>
                  <actionFunction classVersion="1" class="FlowFunction">
                    <name>Action</name>
                    <retType class="NativeTypes">VoidType</retType>
                    <arguments>
                      <Item class="DataChannelBuiltinVariables">Session</Item>
                      <Item class="DataChannelBuiltinVariables">GlobalContext</Item>
                      <Item class="ScreenDataChannelBuiltinVariables">AuditEvent</Item>
                    </arguments>
                    <script></script>
                    <usedIdentifiers/>
                  </actionFunction>
                  <classField classVersion="1" class="ClassField">
                    <type reference="../.."/>
                  </classField>
                  <enabled>true</enabled>
                  <identifiers>
                    <Item classVersion="1" class="TextIdentifier">
                      <isOperationNot>false</isOperationNot>
                      <startRow>1</startRow>
                      <startColumn>29</startColumn>
                      <endRow>1</endRow>
                      <endColumn>43</endColumn>
                      <text>Signon to CICS</text>
                      <isCaseSensitive>false</isCaseSensitive>
                      <isRegularExpression>false</isRegularExpression>
                      <searchForNoText>false</searchForNoText>
                    </Item>
                  </identifiers>
                  <mappings class="java.util.SortedMap">
                    <entry>
                      <key reference="../../../../Item[3]/mappings/entry/key"/>
                      <value classVersion="1" class="ScreenFieldMappingByLabelIdentifier">
                        <screen reference="../../../.."/>
                        <labelPosition class="LabelPosition">Before</labelPosition>
                        <possibleLabels>
                          <Item class="string">Userid . . . .</Item>
                        </possibleLabels>
                        <lableMappingMethod class="LabelMappingMethod">UNPROTECTED</lableMappingMethod>
                      </value>
                    </entry>
                  </mappings>
                </Item>
                <Item reference="../Item[5]/classField"/>
                <Item class="ScreenAuditEventBuiltinField">SentKey</Item>
              </usedIdentifiers>
            </condition>
            <action classVersion="1" class="FlowFunction">
              <name>Action</name>
              <retType class="NativeTypes">VoidType</retType>
              <arguments>
                <Item class="DataChannelBuiltinVariables">GlobalContext</Item>
                <Item class="ScreenDataChannelBuiltinVariables">AuditEvent</Item>
                <Item class="DataChannelBuiltinVariables">Session</Item>
                <Item class="DataChannelBuiltinVariables">UserEvent</Item>
              </arguments>
              <script>//user-section(declare_variables){{&#xd;
var ret = businessEvent.$$0$$;&#xd;
//}}user-section&#xd;
//user-section(mapper){{&#xd;
businessEvent.$$0$$.$$1$$ = auditEvent.$$2$$.$$3$$.$$4$$;&#xd;
businessEvent.$$0$$.$$5$$ = auditEvent.$$2$$.$$6$$;&#xd;
businessEvent.$$0$$.$$7$$ = session.$$8$$;&#xd;
businessEvent.$$0$$.$$9$$ = session.$$10$$;&#xd;
businessEvent.$$0$$.$$11$$ = session.$$12$$;&#xd;
businessEvent.$$0$$.$$13$$ = session.$$14$$;&#xd;
businessEvent.$$0$$.$$15$$ = session.$$16$$;&#xd;
businessEvent.$$0$$.$$17$$ = session.$$18$$;&#xd;
businessEvent.$$0$$.$$19$$ = $$21$$(session.$$20$$);&#xd;
businessEvent.$$0$$.$$22$$ = $$21$$(auditEvent.$$23$$ * 1000000);&#xd;
businessEvent.$$0$$.$$24$$ = $$21$$(auditEvent.$$25$$ * 1000000);&#xd;
businessEvent.$$0$$.$$26$$ = $$27$$ + &quot;?gxsessionid=&quot; + session.$$8$$ + &quot;&amp;gxstep=&quot; + $$21$$(session.$$20$$);&#xd;
businessEvent.$$0$$.$$28$$ = $$21$$(session.$$29$$);&#xd;
businessEvent.$$0$$.$$30$$ = &quot;Login&quot;;&#xd;
businessEvent.$$0$$.$$31$$ = &quot;Login&quot;;&#xd;
businessEvent.$$0$$.$$32$$ = &quot;Login&quot;;&#xd;
businessEvent.$$0$$.$$33$$ = &quot;EventsToExternalSystem&quot;;&#xd;
businessEvent.$$0$$.$$34$$ = &quot;&quot;;&#xd;
businessEvent.$$0$$.$$35$$ = &quot;&quot;;&#xd;
businessEvent.$$0$$.$$36$$ = &quot;&quot;;&#xd;
businessEvent.$$0$$.$$37$$ = &quot;&quot;;&#xd;
businessEvent.$$0$$.$$38$$ = &quot;&quot;;&#xd;
businessEvent.$$0$$.$$39$$ = &quot;&quot;;&#xd;
businessEvent.$$0$$.$$40$$ = &quot;&quot;;&#xd;
businessEvent.$$0$$.$$41$$ = &quot;&quot;;&#xd;
ret.$$1$$ = auditEvent.$$2$$.$$3$$.$$4$$;&#xd;
ret.$$33$$ = &quot;EventsToExternalSystem&quot;;&#xd;
ret.$$28$$ = $$21$$(session.$$29$$);&#xd;
ret.$$26$$ = $$27$$ + &quot;?gxsessionid=&quot; + session.$$8$$ + &quot;&amp;gxsetp=&quot; + $$21$$(session.$$20$$);&#xd;
ret.$$24$$ = $$21$$(auditEvent.$$25$$ * 1000000);&#xd;
ret.$$22$$ = $$21$$(auditEvent.$$23$$ * 1000000);&#xd;
ret.$$19$$ = $$21$$(session.$$20$$);&#xd;
ret.$$17$$ = session.$$18$$;&#xd;
ret.$$15$$ = session.$$16$$;&#xd;
ret.$$13$$ = session.$$14$$;&#xd;
ret.$$11$$ = session.$$12$$;&#xd;
ret.$$9$$ = session.$$10$$;&#xd;
ret.$$7$$ = session.$$8$$;&#xd;
ret.$$5$$ = auditEvent.$$2$$.$$6$$;&#xd;
ret.$$32$$ = &quot;Login&quot;;&#xd;
ret.$$31$$ = &quot;Login&quot;;&#xd;
ret.$$30$$ = &quot;Login&quot;;&#xd;
ret.$$41$$ = &quot;&quot;;&#xd;
ret.$$40$$ = &quot;&quot;;&#xd;
ret.$$39$$ = &quot;&quot;;&#xd;
ret.$$38$$ = &quot;&quot;;&#xd;
ret.$$37$$ = &quot;&quot;;&#xd;
ret.$$36$$ = &quot;&quot;;&#xd;
ret.$$42$$ = &quot;&quot;;&#xd;
ret.$$43$$ = &quot;&quot;;&#xd;
ret.$$35$$ = &quot;&quot;;&#xd;
ret.$$34$$ = &quot;&quot;;&#xd;
session.$$44$$.$$45$$ = auditEvent.$$2$$.$$3$$.$$4$$;&#xd;
businessEvent.$$0$$.$$43$$ = auditEvent.$$2$$.$$3$$.$$4$$ + &quot; accessed the following resource: Login&quot;;&#xd;
businessEvent.$$0$$.$$46$$ = &quot;&quot;;&#xd;
businessEvent.$$0$$.$$42$$ = &quot;0&quot;;&#xd;
//}}user-section&#xd;
//user-section(execute_function){{&#xd;
$$47$$.$$48$$(ret.$$33$$, &quot;{\&quot;bottomline.mainframe.activity.type\&quot;:\&quot;&quot; + ret.$$30$$ + &#xd;
&quot;\&quot;,\&quot;bottomline.mainframe.activity.timestamp\&quot;:\&quot;&quot; + ret.$$28$$ + &#xd;
&quot;\&quot;,\&quot;bottomline.mainframe.activity.resource.code\&quot;:\&quot;&quot; + ret.$$32$$ + &#xd;
&quot;\&quot;,\&quot;bottomline.mainframe.activity.resource.name\&quot;:\&quot;&quot; + ret.$$31$$ + &#xd;
&quot;\&quot;,\&quot;bottomline.mainframe.activity.resource.@duration\&quot;:&quot; + ret.$$24$$ + &#xd;
&quot;,\&quot;bottomline.mainframe.activity.message\&quot;:\&quot;&quot; + ret.$$43$$ + &#xd;
&quot;\&quot;,\&quot;bottomline.mainframe.activity.customer.id\&quot;:\&quot;&quot; + ret.$$35$$ + &#xd;
&quot;\&quot;,\&quot;bottomline.mainframe.activity.account.id\&quot;:\&quot;&quot; + ret.$$34$$ + &#xd;
&quot;\&quot;,\&quot;bottomline.mainframe.activity.reference\&quot;:\&quot;&quot; + ret.$$41$$ + &#xd;
&quot;\&quot;,\&quot;bottomline.mainframe.activity.money.amount\&quot;:&quot; + ret.$$42$$ + &#xd;
&quot;,\&quot;bottomline.mainframe.activity.money.destination\&quot;:\&quot;&quot; + ret.$$36$$ + &#xd;
&quot;\&quot;,\&quot;bottomline.mainframe.activity.money.source\&quot;:\&quot;&quot; + ret.$$39$$ + &#xd;
&quot;\&quot;,\&quot;bottomline.mainframe.activity.money.transaction_type\&quot;:\&quot;&quot; + ret.$$46$$ + &#xd;
&quot;\&quot;,\&quot;bottomline.mainframe.activity.money.reference\&quot;:\&quot;&quot; + ret.$$38$$ + &#xd;
&quot;\&quot;,\&quot;bottomline.mainframe.activity.money.destination.currency\&quot;:\&quot;&quot; + ret.$$37$$ + &#xd;
&quot;\&quot;,\&quot;bottomline.mainframe.activity.money.source.currency\&quot;:\&quot;&quot; + ret.$$40$$ + &#xd;
&quot;\&quot;,\&quot;bottomline.mainframe.activity.@network.client.ip\&quot;:\&quot;&quot; + ret.$$13$$ + &#xd;
&quot;\&quot;,\&quot;bottomline.mainframe.activity.@network.destination.ip\&quot;:\&quot;&quot; + ret.$$11$$ + &#xd;
&quot;\&quot;,\&quot;bottomline.mainframe.activity.@usr.id\&quot;:\&quot;&quot; + ret.$$1$$ + &#xd;
&quot;\&quot;,\&quot;bottomline.mainframe.activity.@usr.action\&quot;:\&quot;&quot; + ret.$$5$$ + &#xd;
&quot;\&quot;,\&quot;bottomline.mainframe.activity.@usr.@duration\&quot;:&quot; + ret.$$22$$ + &#xd;
&quot;,\&quot;bottomline.mainframe.activity.session.id\&quot;:\&quot;&quot; + ret.$$7$$ + &#xd;
&quot;\&quot;,\&quot;bottomline.mainframe.activity.session.step\&quot;:\&quot;&quot; + ret.$$19$$ + &#xd;
&quot;\&quot;,\&quot;bottomline.mainframe.activity.session.type\&quot;:\&quot;&quot; + ret.$$9$$ + &#xd;
&quot;\&quot;,\&quot;bottomline.mainframe.activity.session.source\&quot;:\&quot;&quot; + ret.$$15$$ + &#xd;
&quot;\&quot;,\&quot;bottomline.mainframe.activity.session.timezone\&quot;:\&quot;&quot; + ret.$$17$$ + &#xd;
&quot;\&quot;,\&quot;bottomline.mainframe.activity.session.replay\&quot;:\&quot;&quot; + ret.$$26$$ + &#xd;
&quot;\&quot;}&quot;);&#xd;
//}}user-section&#xd;
</script>
              <usedIdentifiers>
                <Item classVersion="1" id="5E8A0743-EE48-C09C-C3A0-25C1450CCDBC" class="Field">
                  <name>event_json</name>
                  <typeDescriptor reference="../../../../../../../Item/steps/Item/action/usedIdentifiers/Item/typeDescriptor"/>
                  <description></description>
                </Item>
                <Item reference="../../../../../../Item/steps/Item/action/usedIdentifiers/Item/typeDescriptor/fields/Item[18]"/>
                <Item class="ScreenAuditEventBuiltinField">SourceScreen</Item>
                <Item class="ScreenAuditEventBuiltinField">ScreenFields</Item>
                <Item reference="../../../condition/usedIdentifiers/Item[3]/mappings/entry/key"/>
                <Item reference="../../../../../../Item/steps/Item/action/usedIdentifiers/Item/typeDescriptor/fields/Item[20]"/>
                <Item class="ScreenAuditEventBuiltinField">SentKey</Item>
                <Item reference="../../../../../../Item/steps/Item/action/usedIdentifiers/Item/typeDescriptor/fields/Item[21]"/>
                <Item class="SessionSimpleFields">Id</Item>
                <Item reference="../../../../../../Item/steps/Item/action/usedIdentifiers/Item/typeDescriptor/fields/Item[24]"/>
                <Item class="SessionSimpleFields">Type</Item>
                <Item reference="../../../../../../Item/steps/Item/action/usedIdentifiers/Item/typeDescriptor/fields/Item[17]"/>
                <Item class="SessionSimpleFields">Server</Item>
                <Item reference="../../../../../../Item/steps/Item/action/usedIdentifiers/Item/typeDescriptor/fields/Item[16]"/>
                <Item class="SessionSimpleFields">Client</Item>
                <Item reference="../../../../../../Item/steps/Item/action/usedIdentifiers/Item/typeDescriptor/fields/Item[25]"/>
                <Item class="SessionSimpleFields">Source</Item>
                <Item reference="../../../../../../Item/steps/Item/action/usedIdentifiers/Item/typeDescriptor/fields/Item[26]"/>
                <Item class="SessionSimpleFields">TimeZone</Item>
                <Item reference="../../../../../../Item/steps/Item/action/usedIdentifiers/Item/typeDescriptor/fields/Item[23]"/>
                <Item class="SessionSimpleFields">AuditEventsNumber</Item>
                <Item class="ConvertFunctions">ToString</Item>
                <Item reference="../../../../../../Item/steps/Item/action/usedIdentifiers/Item/typeDescriptor/fields/Item[19]"/>
                <Item class="ScreenAuditEventBuiltinField">UserResponseTime</Item>
                <Item reference="../../../../../../Item/steps/Item/action/usedIdentifiers/Item/typeDescriptor/fields/Item[4]"/>
                <Item class="ScreenAuditEventBuiltinField">HostResponseTime</Item>
                <Item reference="../../../../../../Item/steps/Item/action/usedIdentifiers/Item/typeDescriptor/fields/Item[22]"/>
                <Item reference="../../../../../../Item/steps/Item/action/usedIdentifiers/Item[25]"/>
                <Item reference="../../../../../../Item/steps/Item/action/usedIdentifiers/Item/typeDescriptor/fields/Item[6]"/>
                <Item class="SessionSimpleFields">ActivityTimestamp</Item>
                <Item reference="../../../../../../Item/steps/Item/action/usedIdentifiers/Item/typeDescriptor/fields/Item"/>
                <Item reference="../../../../../../Item/steps/Item/action/usedIdentifiers/Item/typeDescriptor/fields/Item[3]"/>
                <Item reference="../../../../../../Item/steps/Item/action/usedIdentifiers/Item/typeDescriptor/fields/Item[2]"/>
                <Item reference="../../../../../../Item/steps/Item/action/usedIdentifiers/Item/typeDescriptor/fields/Item[27]"/>
                <Item reference="../../../../../../Item/steps/Item/action/usedIdentifiers/Item/typeDescriptor/fields/Item[8]"/>
                <Item reference="../../../../../../Item/steps/Item/action/usedIdentifiers/Item/typeDescriptor/fields/Item[7]"/>
                <Item reference="../../../../../../Item/steps/Item/action/usedIdentifiers/Item/typeDescriptor/fields/Item[11]"/>
                <Item reference="../../../../../../Item/steps/Item/action/usedIdentifiers/Item/typeDescriptor/fields/Item[14]"/>
                <Item reference="../../../../../../Item/steps/Item/action/usedIdentifiers/Item/typeDescriptor/fields/Item[13]"/>
                <Item reference="../../../../../../Item/steps/Item/action/usedIdentifiers/Item/typeDescriptor/fields/Item[12]"/>
                <Item reference="../../../../../../Item/steps/Item/action/usedIdentifiers/Item/typeDescriptor/fields/Item[15]"/>
                <Item reference="../../../../../../Item/steps/Item/action/usedIdentifiers/Item/typeDescriptor/fields/Item[9]"/>
                <Item reference="../../../../../../Item/steps/Item/action/usedIdentifiers/Item/typeDescriptor/fields/Item[10]"/>
                <Item reference="../../../../../../Item/steps/Item/action/usedIdentifiers/Item/typeDescriptor/fields/Item[5]"/>
                <Item class="DataChannelBuiltinFields">SessionVariables</Item>
                <Item class="BuiltinSessionVariable">UserID</Item>
                <Item reference="../../../../../../Item/steps/Item/action/usedIdentifiers/Item/typeDescriptor/fields/Item[28]"/>
                <Item class="LoggingTypes">Logger</Item>
                <Item class="LoggerStaticMethods">log</Item>
              </usedIdentifiers>
            </action>
            <defaultOutState reference="../../../states/Item"/>
          </Item>
        </steps>
        <finalStateAction classVersion="1" class="FlowFunction">
          <name>finalStateAction</name>
          <retType class="NativeTypes">VoidType</retType>
          <arguments>
            <Item class="DataChannelBuiltinVariables">UserEvent</Item>
            <Item class="DataChannelBuiltinVariables">GlobalContext</Item>
            <Item class="DataChannelBuiltinVariables">Session</Item>
          </arguments>
          <script></script>
          <usedIdentifiers/>
        </finalStateAction>
        <intermediateStateAction classVersion="1" class="FlowFunction">
          <name>intermediateStateAction</name>
          <retType class="NativeTypes">VoidType</retType>
          <arguments>
            <Item class="DataChannelBuiltinVariables">UserEvent</Item>
            <Item class="DataChannelBuiltinVariables">GlobalContext</Item>
            <Item class="DataChannelBuiltinVariables">Session</Item>
          </arguments>
          <script></script>
          <usedIdentifiers/>
        </intermediateStateAction>
        <cancelStateAction classVersion="1" class="FlowFunction">
          <name>cancelStateAction</name>
          <retType class="NativeTypes">VoidType</retType>
          <arguments>
            <Item class="DataChannelBuiltinVariables">UserEvent</Item>
            <Item class="DataChannelBuiltinVariables">GlobalContext</Item>
            <Item class="DataChannelBuiltinVariables">Session</Item>
          </arguments>
          <script></script>
          <usedIdentifiers/>
        </cancelStateAction>
        <enabled>true</enabled>
        <fields>
          <Item reference="../../steps/Item/action/usedIdentifiers/Item"/>
        </fields>
      </Item>
    </businessEvents>
    <auditEventIdentifierEntities>
      <Item reference="../../businessEvents/Item[2]/steps/Item/condition/usedIdentifiers/Item[3]"/>
      <Item reference="../../businessEvents/Item[2]/steps/Item/condition/usedIdentifiers/Item[5]"/>
      <Item reference="../../businessEvents/Item/steps/Item/condition/usedIdentifiers/Item[3]"/>
    </auditEventIdentifierEntities>
    <patterns/>
    <sessionStartFunction classVersion="1" class="FlowFunction">
      <name>sessionStart</name>
      <retType class="NativeTypes">VoidType</retType>
      <arguments>
        <Item class="DataChannelBuiltinVariables">GlobalContext</Item>
        <Item class="DataChannelBuiltinVariables">Session</Item>
      </arguments>
      <usedIdentifiers/>
    </sessionStartFunction>
    <sessionEndFunction classVersion="1" class="FlowFunction">
      <name>sessionEnd</name>
      <retType class="NativeTypes">VoidType</retType>
      <arguments>
        <Item class="DataChannelBuiltinVariables">GlobalContext</Item>
        <Item class="DataChannelBuiltinVariables">Session</Item>
      </arguments>
      <usedIdentifiers/>
    </sessionEndFunction>
    <dataChannelLoadedFunction classVersion="1" class="FlowFunction">
      <name>dataChannelLoaded</name>
      <retType class="NativeTypes">VoidType</retType>
      <arguments>
        <Item class="DataChannelBuiltinVariables">GlobalContext</Item>
      </arguments>
      <usedIdentifiers/>
    </dataChannelLoadedFunction>
    <functions/>
    <scheduledFlows>
      <Item classVersion="1" id="FBE77E7F-BE1E-9D8D-0BCE-E4EB0D28884D" name="ScheduledFlow_MonitoredUser_Metrics" class="ScheduledFlowEntity">
        <description></description>
        <innerFlow classVersion="1" class="FlowFunction">
          <name>ScheduledJob</name>
          <retType class="NativeTypes">VoidType</retType>
          <arguments/>
          <script>//user-section(execute_function)(functionType=&quot;Database query&quot;){{&#xd;
var functionResult = $$0$$();&#xd;
//}}user-section&#xd;
//user-section(execute_function){{&#xd;
$$1$$.$$4$$(&quot;EventsToExternalSystem&quot;, &quot;{\&quot;datadog.marketplace.bottomline.mainframe.activity.usr.id.count\&quot;:&quot; + $$3$$(functionResult[0].$$2$$) + &quot;}&quot;);&#xd;
//}}user-section&#xd;
</script>
          <usedIdentifiers>
            <Item classVersion="1" id="9E3CA13F-552F-FBE7-3FE7-6E306F58F4CB" name="DatabaseQuery_MonitoredUsers_Count" class="DatabaseQuery">
              <description></description>
              <dbRef name="BacklogDatabase" typeId="com.intellinx.configuration.entities.GXDBConnection" uid="C8541763-CC4B-6FD4-0643-13E8E3620ABA" class="SystemObjectReference"/>
              <rowType classVersion="1" class="ArrayType">
                <componentType classVersion="1" class="RowType">
                  <databaseFunction reference="../../.."/>
                  <fields>
                    <Item classVersion="1" id="66DFAB7F-866B-B060-BEB8-3D631B27CDB8" class="Field">
                      <name>user_count</name>
                      <typeDescriptor classVersion="1" class="TypeHolder">
                        <type class="NativeTypes">NumberType</type>
                        <isArray>false</isArray>
                        <dimension>0</dimension>
                      </typeDescriptor>
                    </Item>
                  </fields>
                </componentType>
                <classField classVersion="1" class="ClassField">
                  <type reference="../.."/>
                </classField>
              </rowType>
              <compilationUnit classVersion="1" class="Template">
                <template>SELECT count (distinct svalue) as user_count&#xd;
FROM public.itx_session_variables&#xd;
WHERE &#xd;
	svalue is not NULL&#xd;
	AND&#xd;
	partdate BETWEEN &#xd;
		to_date(concat(date_part (&apos;YEAR&apos;, current_date),&apos;-01-01&apos;), &apos;YYYY-MM-DD&apos;)&#xd;
		and &#xd;
		to_date(concat(date_part (&apos;YEAR&apos;, current_date),&apos;-12-31&apos;), &apos;YYYY-MM-DD&apos;)</template>
                <usedIdentifiers/>
              </compilationUnit>
              <fields/>
              <isNativeCall>true</isNativeCall>
              <iteratable>false</iteratable>
              <usingScrollable>false</usingScrollable>
              <pageSize>1000</pageSize>
            </Item>
            <Item class="LoggingTypes">Logger</Item>
            <Item reference="../Item/rowType/componentType/fields/Item"/>
            <Item class="ConvertFunctions">ToString</Item>
            <Item class="LoggerStaticMethods">log</Item>
          </usedIdentifiers>
        </innerFlow>
        <enabled>true</enabled>
        <schedule classVersion="1" id="8326665F-426F-CE5A-2835-6D24363C639E" class="Schedule">
          <scheduleType class="ScheduleType">Periodically</scheduleType>
          <scheduleDetails classVersion="1" class="ScheduleDetails">
            <occurrenceFrequencyNumber>1</occurrenceFrequencyNumber>
            <dailyFrequency classVersion="1" class="DailyScheduleFrequency">
              <dailyScheduleType class="ScheduleType">Periodically</dailyScheduleType>
              <startTime hour="0" minutes="0" seconds="0" millis="0" class="time"/>
              <endTime hour="23" minutes="59" seconds="59" millis="0" class="time"/>
              <scheduleFrequency classVersion="1" class="ScheduleFrequency">
                <dailyScheduleType>10</dailyScheduleType>
                <timeUnit class="TimeUnits">MINUTES</timeUnit>
              </scheduleFrequency>
            </dailyFrequency>
          </scheduleDetails>
          <scheduleDuration class="time-between">
            <start year="2022" month="12" dayOfMonth="13" hour="0" minutes="0" seconds="0" millis="0"/>
          </scheduleDuration>
        </schedule>
      </Item>
    </scheduledFlows>
    <mappingUserIdAutomatically>true</mappingUserIdAutomatically>
    <isSplitNewUser>false</isSplitNewUser>
    <isUppercaseUserId>false</isUppercaseUserId>
    <patternFields/>
    <windows/>
    <charset class="Charset">Cp037</charset>
    <defaultScreenDirection class="ScreenDirection">Unknown</defaultScreenDirection>
    <authoExchangeOldNewCode>true</authoExchangeOldNewCode>
    <hostType class="DisplayHostType">TYPE_3270</hostType>
    <deviceType class="DisplayDeviceType">IBM_3278</deviceType>
    <protocol class="DisplayProtocol">TN3270E</protocol>
    <auditUnidentifiedScreens>false</auditUnidentifiedScreens>
    <trimChars class="byte-array">Xw==</trimChars>
    <dropEmptySessions>false</dropEmptySessions>
    <isDropSessions>false</isDropSessions>
    <eventsDropSessions>0</eventsDropSessions>
    <splitScreenSupported>false</splitScreenSupported>
    <splitScreenModifier class="byte-array">IC4g</splitScreenModifier>
    <removePasswordsFromRecording>false</removePasswordsFromRecording>
    <additionalConfiguration classVersion="1" class="additionalConfiguration">
      <terminalType class="VTTerminalType">VT220</terminalType>
      <screenSizeRows>24</screenSizeRows>
      <screenSizeCols>80</screenSizeCols>
      <supportGraphics>true</supportGraphics>
      <isIgnoreBit8>false</isIgnoreBit8>
      <isAutoWrapModeOff>false</isAutoWrapModeOff>
      <wrapping class="com.intellinx.emulation.vt.GXIVTConstants$GXVTWrapping">On</wrapping>
      <isIgnoreSetMargin>false</isIgnoreSetMargin>
      <ignoreTime>false</ignoreTime>
      <timeBetweenScreens>3000</timeBetweenScreens>
      <checkPassedTime>false</checkPassedTime>
      <passedTimeBetweenScreens>100</passedTimeBetweenScreens>
      <handleUserActionText>false</handleUserActionText>
      <isEchoUserText>false</isEchoUserText>
      <fireScreenIfEscapeTyped>false</fireScreenIfEscapeTyped>
      <fireScreenIfTabTyped>false</fireScreenIfTabTyped>
      <fireScreenIfDelTyped>false</fireScreenIfDelTyped>
      <fireScreenIfResetScreen>false</fireScreenIfResetScreen>
      <emulationConfiguration classVersion="1" class="DisplayEmulationConfiguration">
        <charset class="Charset">Cp037</charset>
        <authoExchangeOldNewCode>true</authoExchangeOldNewCode>
        <deviceType class="DisplayDeviceType">IBM_3278</deviceType>
        <protocol class="DisplayProtocol">TN3270E</protocol>
      </emulationConfiguration>
    </additionalConfiguration>
    <disableWindowIdentification>false</disableWindowIdentification>
    <isCheckTraffic>false</isCheckTraffic>
  </entity>
  <deploymentDescriptor classVersion="1" class="DeploymentDescriptor">
    <version class="uid">43EE611F-A470-405F-8498-430EF23CC356</version>
    <deployedDate>2022-12-16 20:01:14.192 UTC</deployedDate>
    <deployedBy></deployedBy>
    <repositoryInfo classVersion="1" class="UrlBasedRepositoryInformation">
      <repositoryName>Repository</repositoryName>
      <repositoryDescription></repositoryDescription>
      <repositoryUrl>35.87.210.81:30001/dictionary</repositoryUrl>
    </repositoryInfo>
  </deploymentDescriptor>
</DeployedEntity>