<Entity version="670100" versionTimestamp="2021-05-19 13:43:00.000" createdBy="" createDate="2022-11-23 20:00:59.168 UTC" updateDate="2022-11-23 20:00:59.168 UTC" updatedBy="" classVersion="1" id="B102966B-16DB-69AE-4041-226A2522A9CC" name="account_id" class="FieldEntity">
  <description></description>
  <typeHolder id="0543D5E0-5912-94FE-21C5-DEA250B43920" classVersion="1" class="TypeHolder">
    <type class="NativeTypes">StringType</type>
    <isArray>false</isArray>
    <dimension>0</dimension>
  </typeHolder>
  <indexed>false</indexed>
</Entity>