<Entity version="670100" versionTimestamp="2021-05-19 13:43:00.000" createdBy="" createDate="2022-11-23 20:00:24.493 UTC" updateDate="2022-11-23 20:00:24.493 UTC" updatedBy="" classVersion="1" id="08E268DA-B789-68B9-5005-E5616394FFDF" name="isAccount" class="FieldEntity">
  <description></description>
  <typeHolder id="2681D069-CE86-EB0E-5490-E53F5DCE0B74" classVersion="1" class="TypeHolder">
    <type class="NativeTypes">StringType</type>
    <isArray>false</isArray>
    <dimension>0</dimension>
  </typeHolder>
  <indexed>false</indexed>
</Entity>