<Entity version="670100" versionTimestamp="2021-05-19 13:43:00.000" createdBy="" createDate="2022-11-23 21:10:44.276 UTC" updateDate="2022-11-23 21:10:44.276 UTC" updatedBy="" classVersion="1" id="24FBB7B6-C9D4-0912-D1ED-058B39E4B07B" name="money_transaction_type" class="FieldEntity">
  <description></description>
  <typeHolder id="0BE18632-2C10-B0E5-3D1F-1F41C3FBBB11" classVersion="1" class="TypeHolder">
    <type class="NativeTypes">StringType</type>
    <isArray>false</isArray>
    <dimension>0</dimension>
  </typeHolder>
  <indexed>false</indexed>
</Entity>