<Entity version="670100" versionTimestamp="2021-05-19 13:43:00.000" createdBy="" createDate="2022-10-24 20:28:22.217 UTC" updateDate="2022-10-24 20:28:22.217 UTC" updatedBy="" classVersion="1" id="6B50ED46-A4AB-31AA-95D5-E4860F361C65" name="BacklogQueue" class="QueueEntity">
  <description></description>
  <queue id="34C00370-7E56-FA62-BF95-39775DFB5B6E" classVersion="1" class="InternalQueue">
    <name>BacklogQueue</name>
    <isRemotePath>false</isRemotePath>
  </queue>
  <activityController class="activity-time-controller">
    <Activities>
      <Item class="activity-time-item">
        <Days/>
        <Hours/>
      </Item>
    </Activities>
  </activityController>
</Entity>