<Entity version="670100" versionTimestamp="2021-05-19 13:43:00.000" createdBy="" createDate="2022-10-24 20:28:26.272 UTC" updateDate="2022-12-02 18:24:26.871 UTC" updatedBy="" classVersion="1" id="AFBF6B0B-9EEF-CF91-BE94-6F2A4A562B7E" name="dc_3270" class="DataChannelServiceConfig">
  <description></description>
  <startupType class="StartupType">AutoStart</startupType>
  <backlogQueues>
    <Item class="IEntityReference">
      <EntityId>6B50ED46-A4AB-31AA-95D5-E4860F361C65</EntityId>
      <EntityName>BacklogQueue</EntityName>
      <EntityTypeId>com.intellinx.configuration.entities.GXQueue</EntityTypeId>
    </Item>
  </backlogQueues>
  <queueMessagesEncrypted>false</queueMessagesEncrypted>
  <deployedObjectId class="uid">D50BD943-72F9-2FBF-66AF-6019C83499E2</deployedObjectId>
  <inputQueues>
    <Item class="IEntityReference">
      <EntityId>B26390C8-FA4B-3746-E746-670B0965D963</EntityId>
      <EntityName>SensorQueue</EntityName>
      <EntityTypeId>com.intellinx.configuration.entities.GXQueue</EntityTypeId>
    </Item>
  </inputQueues>
  <eventQueues/>
  <indexDataObjectsQueues/>
  <auditEventQueues/>
  <encrypt>false</encrypt>
  <sign>false</sign>
  <inactivityTimeout value="30" unit="DAYS" class="time-period"/>
  <sessionsRecoveryEnabled>true</sessionsRecoveryEnabled>
  <copySessionVariavlesEnabled>false</copySessionVariavlesEnabled>
  <isDisableRecording>false</isDisableRecording>
  <sessionsThreadPoolSize>30</sessionsThreadPoolSize>
</Entity>