<Entity version="670100" versionTimestamp="2021-05-19 13:43:00.000" createdBy="" createDate="2022-11-02 19:55:11.935 UTC" updateDate="2022-12-19 15:32:12.476 UTC" updatedBy="" classVersion="1" id="3B21BD9C-8D4B-92C0-76B7-A3E6E277DCDD" name="EventsToExternalSystem" class="RollingFileLogger">
  <description>Send events to a 3rd party system</description>
  <bufferSize>0</bufferSize>
  <messageSeparatorType class="MessageSeparatorType">LF</messageSeparatorType>
  <isSwitchFileDaily>false</isSwitchFileDaily>
  <fileEncoding>UTF-8</fileEncoding>
  <fileMessageLimit>100</fileMessageLimit>
  <isLimitFileByMessages>true</isLimitFileByMessages>
  <isLimitFileByTimePeriod>false</isLimitFileByTimePeriod>
  <filesHistoryLimitInDays>2</filesHistoryLimitInDays>
  <isDeleteOldFiles>true</isDeleteOldFiles>
  <flushMessageLimit>1</flushMessageLimit>
  <isFlushBuffers>true</isFlushBuffers>
  <path>/var/myapp/logs/myapp_%d_%t.log</path>
  <fileDateFormat>yyyy_MM_dd</fileDateFormat>
  <isUseTempFiles>false</isUseTempFiles>
  <isAppendIfFileExists>true</isAppendIfFileExists>
  <isSessionBased>false</isSessionBased>
  <isCreateSessionFolder>true</isCreateSessionFolder>
</Entity>