<Entity version="670100" versionTimestamp="2021-05-19 13:43:00.000" createdBy="" createDate="2022-10-24 20:28:12.350 UTC" updateDate="2022-10-24 20:28:12.350 UTC" updatedBy="" classVersion="1" id="B26390C8-FA4B-3746-E746-670B0965D963" name="SensorQueue" class="QueueEntity">
  <description></description>
  <queue id="8351873B-42E7-665F-E7FA-EBD97A039A4E" classVersion="1" class="InternalQueue">
    <name>SensorQueue</name>
    <isRemotePath>false</isRemotePath>
  </queue>
  <activityController class="activity-time-controller">
    <Activities>
      <Item class="activity-time-item">
        <Days/>
        <Hours/>
      </Item>
    </Activities>
  </activityController>
</Entity>