<Entity version="670100" versionTimestamp="2021-05-19 13:43:00.000" createdBy="" createDate="2022-12-13 19:38:23.248 UTC" updateDate="2022-12-13 22:51:53.674 UTC" updatedBy="" classVersion="1" id="9E3CA13F-552F-FBE7-3FE7-6E306F58F4CB" name="DatabaseQuery_MonitoredUsers_Count" class="DatabaseQuery">
  <description></description>
  <dbRef name="BacklogDatabase" typeId="com.intellinx.configuration.entities.GXDBConnection" uid="C8541763-CC4B-6FD4-0643-13E8E3620ABA" class="SystemObjectReference"/>
  <rowType id="2D3A47F4-5740-2D6D-2512-3017572096B9" classVersion="1" class="ArrayType">
    <componentType id="6A66764A-4FE7-260C-E0AF-B535DA80D6D0" classVersion="1" class="RowType">
      <databaseFunction reference="../../.."/>
      <fields>
        <Item classVersion="1" id="66DFAB7F-866B-B060-BEB8-3D631B27CDB8" class="Field">
          <name>user_count</name>
          <typeDescriptor id="F27F0F78-58A8-EDF5-0340-5830CCDEE293" classVersion="1" class="TypeHolder">
            <type class="NativeTypes">NumberType</type>
            <isArray>false</isArray>
            <dimension>0</dimension>
          </typeDescriptor>
        </Item>
      </fields>
    </componentType>
    <classField id="63B99C90-4CB3-8858-425C-D2A4FFE016B9" classVersion="1" class="ClassField">
      <type reference="../.."/>
    </classField>
  </rowType>
  <compilationUnit id="D5E1BD19-01FF-CBDC-BEEA-E55F9D84764F" classVersion="1" class="Template">
    <template>SELECT count (distinct svalue) as user_count&#xd;
FROM public.itx_session_variables&#xd;
WHERE &#xd;
	svalue is not NULL&#xd;
	AND&#xd;
	partdate BETWEEN &#xd;
		to_date(concat(date_part (&apos;YEAR&apos;, current_date),&apos;-01-01&apos;), &apos;YYYY-MM-DD&apos;)&#xd;
		and &#xd;
		to_date(concat(date_part (&apos;YEAR&apos;, current_date),&apos;-12-31&apos;), &apos;YYYY-MM-DD&apos;)</template>
    <usedIdentifiers/>
  </compilationUnit>
  <fields/>
  <isNativeCall>true</isNativeCall>
  <iteratable>false</iteratable>
  <usingScrollable>false</usingScrollable>
  <pageSize>1000</pageSize>
</Entity>