<Entity version="670100" versionTimestamp="2021-05-19 13:43:00.000" createdBy="" createDate="2022-11-14 21:33:01.496 UTC" updateDate="2022-11-23 21:09:51.833 UTC" updatedBy="" classVersion="1" id="181503E6-00EA-9459-83D7-3D405F8B43DB" name="Event_JSON" class="DataTypeEntity">
  <description></description>
  <fields>
    <Item classVersion="1" id="C86C8362-D368-21D3-3793-41ABB496C9F6" class="Field">
      <name>evt_name</name>
      <typeDescriptor class="NativeTypes">StringType</typeDescriptor>
      <description></description>
    </Item>
    <Item classVersion="1" id="506E8822-28BD-DF67-CBDF-1090A5EA58D6" class="Field">
      <name>evt_rousource_code</name>
      <typeDescriptor class="NativeTypes">StringType</typeDescriptor>
      <description></description>
    </Item>
    <Item classVersion="1" id="83C46453-166A-0B32-666A-3331DEE1121A" class="Field">
      <name>evt_resource_name</name>
      <typeDescriptor class="NativeTypes">StringType</typeDescriptor>
      <description></description>
    </Item>
    <Item classVersion="1" id="A16DC0AA-A745-EA34-9A95-FD032A94170C" class="Field">
      <name>evt_resource_duration</name>
      <typeDescriptor class="NativeTypes">StringType</typeDescriptor>
      <description></description>
    </Item>
    <Item classVersion="1" id="3CD8B6A9-0664-C856-E52A-0793F747B5B7" class="Field">
      <name>evt_message</name>
      <typeDescriptor class="NativeTypes">StringType</typeDescriptor>
      <description></description>
    </Item>
    <Item classVersion="1" id="4051BDCF-C1A6-219A-C3E2-6E671483937C" class="Field">
      <name>evt_timestamp</name>
      <typeDescriptor class="NativeTypes">StringType</typeDescriptor>
      <description></description>
    </Item>
    <Item classVersion="1" id="8057EA00-64BE-CADC-8007-9DFB6E7A6D2B" class="Field">
      <name>evt_customer_id</name>
      <typeDescriptor class="NativeTypes">StringType</typeDescriptor>
      <description></description>
    </Item>
    <Item classVersion="1" id="5B12BE96-48D8-8E5E-42C8-297470232B29" class="Field">
      <name>evt_account_id</name>
      <typeDescriptor class="NativeTypes">StringType</typeDescriptor>
      <description></description>
    </Item>
    <Item classVersion="1" id="F20A6D83-0B07-7513-458C-B7821699B6A3" class="Field">
      <name>evt_reference</name>
      <typeDescriptor class="NativeTypes">StringType</typeDescriptor>
      <description></description>
    </Item>
    <Item classVersion="1" id="DE6C9B13-A35E-A37E-7EC4-AAE0B182A4DB" class="Field">
      <name>evt_money_amount</name>
      <typeDescriptor class="NativeTypes">StringType</typeDescriptor>
      <description></description>
    </Item>
    <Item classVersion="1" id="E7EEABEF-5AC7-C011-48FD-DD06E0A5007A" class="Field">
      <name>evt_money_destination</name>
      <typeDescriptor class="NativeTypes">StringType</typeDescriptor>
      <description></description>
    </Item>
    <Item classVersion="1" id="76A5091B-9336-907C-DE21-E6B3833AE4DB" class="Field">
      <name>evt_money_source</name>
      <typeDescriptor class="NativeTypes">StringType</typeDescriptor>
      <description></description>
    </Item>
    <Item classVersion="1" id="E3F9E5E1-5DD0-1746-CEC6-C39E0346A940" class="Field">
      <name>evt_money_reference</name>
      <typeDescriptor class="NativeTypes">StringType</typeDescriptor>
      <description></description>
    </Item>
    <Item classVersion="1" id="FBA77E61-642F-F3C1-E0E7-2988A19D5203" class="Field">
      <name>evt_money_destination_currency</name>
      <typeDescriptor class="NativeTypes">StringType</typeDescriptor>
      <description></description>
    </Item>
    <Item classVersion="1" id="FB40855A-9ECE-6F3F-CB4E-247EBB19CF06" class="Field">
      <name>evt_money_source_currency</name>
      <typeDescriptor class="NativeTypes">StringType</typeDescriptor>
      <description></description>
    </Item>
    <Item classVersion="1" id="A64C8940-49CA-FAFE-6A84-5966AA566FC1" class="Field">
      <name>network_client_ip</name>
      <typeDescriptor class="NativeTypes">StringType</typeDescriptor>
      <description></description>
    </Item>
    <Item classVersion="1" id="4CE26D0C-BDAB-406B-6E07-8A4E389F7350" class="Field">
      <name>network_destination_ip</name>
      <typeDescriptor class="NativeTypes">StringType</typeDescriptor>
      <description></description>
    </Item>
    <Item classVersion="1" id="2918F5E7-835E-9CDE-48DD-D40EDA4D2E90" class="Field">
      <name>usr_id</name>
      <typeDescriptor class="NativeTypes">StringType</typeDescriptor>
      <description></description>
    </Item>
    <Item classVersion="1" id="E4B987C4-84D6-FA99-F58F-166D0C95D7D1" class="Field">
      <name>user_duration</name>
      <typeDescriptor class="NativeTypes">StringType</typeDescriptor>
      <description></description>
    </Item>
    <Item classVersion="1" id="FB3D120B-C2A6-7D2E-6EA2-DD7371EF44E2" class="Field">
      <name>user_action</name>
      <typeDescriptor class="NativeTypes">StringType</typeDescriptor>
      <description></description>
    </Item>
    <Item classVersion="1" id="91EE34C5-F16F-CA72-41D8-F5C5BD485354" class="Field">
      <name>session_id</name>
      <typeDescriptor class="NativeTypes">StringType</typeDescriptor>
      <description></description>
    </Item>
    <Item classVersion="1" id="B3F2D67E-7057-035B-5B62-9E1E8B8AB0FD" class="Field">
      <name>session_replay</name>
      <typeDescriptor class="NativeTypes">StringType</typeDescriptor>
      <description></description>
    </Item>
    <Item classVersion="1" id="ED1BA272-D53C-8D3B-53BD-01A389AAC475" class="Field">
      <name>session_step</name>
      <typeDescriptor class="NativeTypes">StringType</typeDescriptor>
      <description></description>
    </Item>
    <Item classVersion="1" id="57BDF6A6-DCEC-44E9-20CF-57FE9927F02F" class="Field">
      <name>session_type</name>
      <typeDescriptor class="NativeTypes">StringType</typeDescriptor>
      <description></description>
    </Item>
    <Item classVersion="1" id="08A5734C-18AA-D83A-CCD0-BF3D88D27C6E" class="Field">
      <name>session_source</name>
      <typeDescriptor class="NativeTypes">StringType</typeDescriptor>
      <description></description>
    </Item>
    <Item classVersion="1" id="931C7CC6-66CB-5799-C8D9-A2B46DA1EE36" class="Field">
      <name>session_timezone</name>
      <typeDescriptor class="NativeTypes">StringType</typeDescriptor>
      <description></description>
    </Item>
    <Item classVersion="1" id="55C4351A-6026-0353-6D77-AE69F2EFEE68" class="Field">
      <name>logger</name>
      <typeDescriptor class="NativeTypes">StringType</typeDescriptor>
      <description></description>
    </Item>
    <Item classVersion="1" id="56BC1CA6-0D78-ECF8-E76F-6793BF164DB5" class="Field">
      <name>evt_money_transaction_type</name>
      <typeDescriptor class="NativeTypes">StringType</typeDescriptor>
      <description></description>
    </Item>
  </fields>
</Entity>