<?xml version="1.0" encoding="UTF-8"?>
<Configuration status="info" monitorInterval="10">
	<Properties>
		<Property name="container.log.dir">${container.root.dir}/logs</Property>
		<Property name="pattern">%d{yyyy.MM.dd HH:mm:ss.SSS} |%-5p| %m%n</Property>
		<Property name="file-archive-pattern-suffix">%d{yyyy-MM-dd}_%i.log.zip</Property>
	</Properties>
	<Appenders>
		<RollingFile name="RollingFile-server" fileName="${container.log.dir}/server.log" filePattern="${container.log.dir}/archive/server_${file-archive-pattern-suffix}">
			<PatternLayout pattern="${pattern}" />
			<Policies>
				<SizeBasedTriggeringPolicy size="20 MB" />
			</Policies>
			<DefaultRolloverStrategy max="10"/>
		</RollingFile>
		<RollingFile name="RollingFile-flow-trace" fileName="${container.log.dir}/flow-trace.log" filePattern="${container.log.dir}/archive/flow-trace_${file-archive-pattern-suffix}">
			<PatternLayout pattern="${pattern}" />
			<Policies>
				<SizeBasedTriggeringPolicy size="20 MB" />
			</Policies>
			<DefaultRolloverStrategy max="10"/>
		</RollingFile>
		<RollingFile name="RollingFile-alerts" fileName="${container.log.dir}/alerts.log" filePattern="${container.log.dir}/archive/alerts_${file-archive-pattern-suffix}">
			<PatternLayout pattern="${pattern}" />
			<Policies>
				<SizeBasedTriggeringPolicy size="20 MB" />
			</Policies>
			<DefaultRolloverStrategy max="10"/>
		</RollingFile>
		
		<!--
		<RollingFile name="RollingFile-emulation" fileName="${container.log.dir}/emulation.log" filePattern="${container.log.dir}/archive/emulation_${file-archive-pattern-suffix}">
			<PatternLayout pattern="${pattern}" />
			<Policies>
				<SizeBasedTriggeringPolicy size="20 MB" />
			</Policies>
			<DefaultRolloverStrategy max="10"/>
		</RollingFile>
		<RollingFile name="RollingFile-synchronization" fileName="${container.log.dir}/synchronization.log" filePattern="${container.log.dir}/archive/synchronization_${file-archive-pattern-suffix}">
			<PatternLayout pattern="${pattern}" />
			<Policies>
				<SizeBasedTriggeringPolicy size="20 MB" />
			</Policies>
			<DefaultRolloverStrategy max="10"/>
		</RollingFile>
		<RollingFile name="RollingFile-indexer" fileName="${container.log.dir}/indexer.log" filePattern="${container.log.dir}/archive/indexer_${file-archive-pattern-suffix}">
			<PatternLayout pattern="${pattern}" />
			<Policies>
				<SizeBasedTriggeringPolicy size="20 MB" />
			</Policies>
			<DefaultRolloverStrategy max="10"/>
		</RollingFile>
		<RollingFile name="RollingFile-dms" fileName="${container.log.dir}/dms.log" filePattern="${container.log.dir}/archive/dms_${file-archive-pattern-suffix}">
			<PatternLayout pattern="${pattern}" />
			<Policies>
				<SizeBasedTriggeringPolicy size="20 MB" />
			</Policies>
			<DefaultRolloverStrategy max="10"/>
		</RollingFile>
		 -->
	</Appenders>
	<Loggers>
		<Logger name="com.intellinx" level="info" additivity="false">
			<AppenderRef ref="RollingFile-server" />
		</Logger>
		<Logger name="com.intellinx.flow" level="info" additivity="false">
			<AppenderRef ref="RollingFile-flow-trace" />
		</Logger>
		<Logger name="com.intellinx.alert.GXAlertsLogger" level="info" additivity="false">
			<AppenderRef ref="RollingFile-alerts" />
		</Logger>
		
		<!--
		<Logger name="com.intellinx.emulation" level="info" additivity="false">
			<AppenderRef ref="RollingFile-emulation" />
		</Logger>
		<Logger name="com.intellinx.servicecontainer.synchronization" level="info" additivity="false">
			<AppenderRef ref="RollingFile-synchronization" />
		</Logger>
		<Logger name="com.intellinx.servicecontainer.internal.GXServerSynchronizer" level="info" additivity="false">
			<AppenderRef ref="RollingFile-synchronization" />
		</Logger>
		<Logger name="com.intellinx.searchengine" level="info" additivity="false">
			<AppenderRef ref="RollingFile-indexer" />
		</Logger>
		
		<Logger name="org.hibernate" level="fatal" additivity="false">
			<AppenderRef ref="RollingFile-server" />
		</Logger>
		
		<Logger name="com.mchange" level="fatal" additivity="false">
			<AppenderRef ref="RollingFile-server" />
		</Logger>
		-->
	</Loggers>
</Configuration>
