<Entity version="670100" versionTimestamp="2021-05-19 13:43:00.000" createdBy="" createDate="2022-11-23 19:49:41.364 UTC" updateDate="2022-11-23 19:49:41.364 UTC" updatedBy="" classVersion="1" id="BB92B05E-0402-8ECF-8426-81FE971D3B58" name="customer_id" class="FieldEntity">
  <description></description>
  <typeHolder id="FCE561DE-34F9-ECC8-41C4-DD84C9E57944" classVersion="1" class="TypeHolder">
    <type class="NativeTypes">StringType</type>
    <isArray>false</isArray>
    <dimension>0</dimension>
  </typeHolder>
  <indexed>false</indexed>
</Entity>