<Entity version="670100" versionTimestamp="2021-05-19 13:43:00.000" createdBy="" createDate="2022-11-03 03:12:06.912 UTC" updateDate="2022-11-03 03:12:06.912 UTC" updatedBy="" classVersion="1" id="8D8BFEF8-B762-E194-9863-82C80A7C8D04" name="resource" class="FieldEntity">
  <description></description>
  <typeHolder id="E4453FED-122C-4663-FD9D-6BFB51D3D1F0" classVersion="1" class="TypeHolder">
    <type class="NativeTypes">StringType</type>
    <isArray>false</isArray>
    <dimension>0</dimension>
  </typeHolder>
  <indexed>false</indexed>
</Entity>