<Entity version="670100" versionTimestamp="2021-05-19 13:43:00.000" createdBy="Andrew.Leon" createDate="2022-10-13 18:06:42.110 UTC" updateDate="2022-10-13 18:06:42.110 UTC" updatedBy="Andrew.Leon" classVersion="1" id="5E052DAB-0C53-5559-8709-38D1A886B8B5" name="user_id" class="FieldEntity">
  <description></description>
  <typeHolder id="611AC538-5101-CF24-25D1-E9093A77AFF0" classVersion="1" class="TypeHolder">
    <type class="NativeTypes">StringType</type>
    <isArray>false</isArray>
    <dimension>0</dimension>
  </typeHolder>
  <indexed>false</indexed>
</Entity>