<Entity version="670100" versionTimestamp="2021-05-19 13:43:00.000" createdBy="" createDate="2022-11-03 03:20:08.109 UTC" updateDate="2023-01-05 21:17:21.175 UTC" updatedBy="" classVersion="1" id="1FEFF359-7ABC-146D-82D2-4F29ADE7F1FB" name="DC_3270_Access_Event" class="BusinessEvent">
  <description></description>
  <states>
    <Item classVersion="1" id="7A655A83-7A2C-5CFD-15D3-911E77199A9E" name="Final" class="BusinessEventState">
      <type class="StateType">Final</type>
      <transitionAction id="5752165E-A4A2-BD2B-9895-C212C5FFA2ED" classVersion="1" class="FlowFunction">
        <name>transtionAction</name>
        <retType class="NativeTypes">VoidType</retType>
        <arguments>
          <Item class="DataChannelBuiltinVariables">Session</Item>
          <Item class="DataChannelBuiltinVariables">GlobalContext</Item>
          <Item class="DataChannelBuiltinVariables">UserEvent</Item>
        </arguments>
        <script></script>
        <usedIdentifiers/>
      </transitionAction>
    </Item>
    <Item classVersion="1" id="7A9B7995-9EE7-F3E5-2FC1-36FB65ED82CA" name="Cancel" class="BusinessEventState">
      <type class="StateType">Cancel</type>
      <transitionAction id="8AAE0BE4-1C99-F60A-87D7-4D0DB5589534" classVersion="1" class="FlowFunction">
        <name>transtionAction</name>
        <retType class="NativeTypes">VoidType</retType>
        <arguments>
          <Item class="DataChannelBuiltinVariables">Session</Item>
          <Item class="DataChannelBuiltinVariables">GlobalContext</Item>
          <Item class="DataChannelBuiltinVariables">UserEvent</Item>
        </arguments>
        <script></script>
        <usedIdentifiers/>
      </transitionAction>
    </Item>
    <Item classVersion="1" id="3D7B0897-CAA8-E881-69CA-59350DBFE47E" name="Intermediate" class="BusinessEventState">
      <type class="StateType">Intermediate</type>
      <transitionAction id="1B742534-3B7F-D902-B7C1-3056D5131729" classVersion="1" class="FlowFunction">
        <name>transtionAction</name>
        <retType class="NativeTypes">VoidType</retType>
        <arguments>
          <Item class="DataChannelBuiltinVariables">Session</Item>
          <Item class="DataChannelBuiltinVariables">GlobalContext</Item>
          <Item class="DataChannelBuiltinVariables">UserEvent</Item>
        </arguments>
        <script></script>
        <usedIdentifiers/>
      </transitionAction>
    </Item>
  </states>
  <steps>
    <Item classVersion="1" id="A169A61D-C987-A2F0-6ADA-42A62C5329D8" class="BusinessEventStep">
      <inStates>
        <Item class="BuiltinBusinessEventState">Initial</Item>
      </inStates>
      <condition id="40D3D22C-C027-83FB-A50A-4836617FC07F" classVersion="1" class="FlowFunction">
        <name>Condition</name>
        <retType class="NativeTypes">BooleanType</retType>
        <arguments>
          <Item class="DataChannelBuiltinVariables">GlobalContext</Item>
          <Item class="ScreenDataChannelBuiltinVariables">AuditEvent</Item>
          <Item class="DataChannelBuiltinVariables">Session</Item>
          <Item class="DataChannelBuiltinVariables">UserEvent</Item>
        </arguments>
        <script>var condition = true;&#xd;
//user-section(target_screens_condition){{&#xd;
condition = condition &amp;&amp; (typeOf(auditEvent.$$0$$.$$1$$) == $$2$$.$$3$$)&#xd;
//}}user-section&#xd;
return condition</script>
        <usedIdentifiers>
          <Item class="ScreenAuditEventBuiltinField">TargetScreen</Item>
          <Item class="ScreenAuditEventBuiltinField">Screen</Item>
          <Item class="IEntityReference">
            <EntityId>58876EC3-0AFC-2656-B849-946B9F547C93</EntityId>
            <EntityName>Unidentified</EntityName>
            <EntityTypeId>com.intellinx.entities.GXScreen</EntityTypeId>
          </Item>
          <Item class="IObjectReference">
            <EntityId>58876EC3-0AFC-2656-B849-946B9F547C93</EntityId>
            <EntityName>Unidentified</EntityName>
            <EntityTypeId>com.intellinx.entities.GXScreen</EntityTypeId>
            <ObjectKey>23853306-69DC-C6F6-53A9-1350E2C29EC7</ObjectKey>
            <ObjectClass>ClassField</ObjectClass>
          </Item>
        </usedIdentifiers>
      </condition>
      <action id="242DFC29-BD1E-793C-A666-94681384C6A1" classVersion="1" class="FlowFunction">
        <name>Action</name>
        <retType class="NativeTypes">VoidType</retType>
        <arguments>
          <Item class="DataChannelBuiltinVariables">GlobalContext</Item>
          <Item class="ScreenDataChannelBuiltinVariables">AuditEvent</Item>
          <Item class="DataChannelBuiltinVariables">Session</Item>
          <Item class="DataChannelBuiltinVariables">UserEvent</Item>
        </arguments>
        <script>//user-section(declare_variables){{&#xd;
var ret = businessEvent.$$0$$;&#xd;
//}}user-section&#xd;
//user-section(mapper){{&#xd;
ret.$$1$$ = auditEvent.$$2$$.$$3$$.$$4$$;&#xd;
ret.$$5$$ = auditEvent.$$2$$.$$6$$;&#xd;
ret.$$7$$ = session.$$8$$.$$9$$;&#xd;
ret.$$10$$ = session.$$11$$;&#xd;
ret.$$12$$ = session.$$13$$;&#xd;
ret.$$14$$ = session.$$15$$;&#xd;
ret.$$16$$ = session.$$17$$;&#xd;
ret.$$18$$ = session.$$19$$;&#xd;
ret.$$20$$ = session.$$21$$;&#xd;
ret.$$22$$ = &quot;EventsToExternalSystem&quot;;&#xd;
ret.$$23$$ = $$24$$ + &quot;?gxsessionid=&quot; + session.$$11$$ + &quot;&amp;gxstep=&quot; + $$26$$(session.$$25$$);&#xd;
ret.$$27$$ = $$30$$($$28$$, $$29$$()) + &quot;-&quot; + $$32$$($$30$$($$31$$, $$29$$()).toString().length == 1, &quot;0&quot; + $$30$$($$31$$, $$29$$()), $$30$$($$31$$, $$29$$()).toString()) + &quot;-&quot; + $$32$$($$30$$($$33$$, $$29$$()).toString().length == 1, &quot;0&quot; + $$30$$($$33$$, $$29$$()), $$30$$($$33$$, $$29$$()).toString()) + &quot;T&quot; + $$32$$($$30$$($$34$$, $$29$$()).toString().length == 1, &quot;0&quot; + $$30$$($$34$$, $$29$$()), $$30$$($$34$$, $$29$$()).toString()) + &quot;:&quot; + $$32$$($$30$$($$35$$, $$29$$()).toString().length == 1, &quot;0&quot; + $$30$$($$35$$, $$29$$()), $$30$$($$35$$, $$29$$()).toString()) + &quot;:&quot; + $$32$$($$30$$($$36$$, $$29$$()).toString().length == 1, &quot;0&quot; + $$30$$($$36$$, $$29$$()), $$30$$($$36$$, $$29$$()).toString()) + &quot;.&quot; + $$32$$($$30$$($$37$$, $$29$$()).toString().length == 2, &quot;0&quot; + $$30$$($$37$$, $$29$$()), $$32$$($$30$$($$37$$, $$29$$()).toString().length == 1, &quot;00&quot; + $$30$$($$37$$, $$29$$()), $$30$$($$37$$, $$29$$()).toString())) + &quot;Z&quot;;&#xd;
ret.$$38$$ = &quot;Access&quot;;&#xd;
ret.$$39$$ = $$26$$(auditEvent.$$40$$ * 1000000);&#xd;
ret.$$41$$ = $$26$$(auditEvent.$$42$$ * 1000000);&#xd;
ret.$$43$$ = $$26$$(session.$$25$$);&#xd;
ret.$$44$$ = $$46$$(auditEvent.$$2$$.$$3$$.$$45$$) + &quot; - &quot; + $$46$$(auditEvent.$$2$$.$$3$$.$$47$$);&#xd;
ret.$$48$$ = &quot;&quot;;&#xd;
ret.$$49$$ = &quot;&quot;;&#xd;
ret.$$50$$ = &quot;&quot;;&#xd;
ret.$$51$$ = session.$$8$$.$$9$$ + &quot; accessed the following resource: &quot; + auditEvent.$$2$$.$$3$$.$$4$$;&#xd;
ret.$$52$$ = $$32$$(auditEvent.$$2$$.$$3$$.$$53$$.contains(&quot;Customer&quot;), auditEvent.$$2$$.$$3$$.$$54$$, &quot;&quot;);&#xd;
ret.$$55$$ = $$32$$(auditEvent.$$2$$.$$3$$.$$56$$.contains(&quot;Account&quot;), auditEvent.$$2$$.$$3$$.$$57$$, $$32$$(auditEvent.$$2$$.$$3$$.$$58$$.contains(&quot;Transaction&quot;), auditEvent.$$2$$.$$3$$.$$59$$, &quot;&quot;));&#xd;
ret.$$60$$ = $$32$$(auditEvent.$$2$$.$$3$$.$$58$$.contains(&quot;Transaction&quot;), auditEvent.$$2$$.$$3$$.$$59$$, &quot;&quot;);&#xd;
ret.$$61$$ = $$32$$(auditEvent.$$2$$.$$3$$.$$58$$.contains(&quot;Transaction&quot;), auditEvent.$$2$$.$$3$$.$$62$$, &quot;&quot;);&#xd;
ret.$$63$$ = $$32$$(auditEvent.$$2$$.$$3$$.$$58$$.contains(&quot;Transaction&quot;), $$32$$(auditEvent.$$2$$.$$3$$.$$64$$.trim() == &quot;____________&quot; Or auditEvent.$$2$$.$$3$$.$$64$$.trim().length == 0 Or $$65$$(auditEvent.$$2$$.$$3$$.$$64$$), &quot;0&quot;, auditEvent.$$2$$.$$3$$.$$64$$), &quot;0&quot;);&#xd;
ret.$$66$$ = $$32$$(auditEvent.$$2$$.$$3$$.$$58$$.contains(&quot;Transaction&quot;), auditEvent.$$2$$.$$3$$.$$67$$, &quot;&quot;);&#xd;
ret.$$68$$ = $$32$$(auditEvent.$$2$$.$$3$$.$$58$$.contains(&quot;Transaction&quot;), auditEvent.$$2$$.$$3$$.$$69$$, &quot;&quot;);&#xd;
//}}user-section&#xd;
if(Not ret.$$44$$.contains(&quot;Error&quot;) And Not ret.$$44$$.contains(&quot;Programming&quot;) And Not ret.$$44$$.contains(&quot;Objects&quot;) And Not ret.$$44$$.contains(&quot;- Main Menu - -&quot;)){&#xd;
	//user-section(execute_function){{&#xd;
	$$70$$.$$71$$(ret.$$22$$, &quot;{\&quot;bottomline.mainframe.activity.type\&quot;:\&quot;&quot; + ret.$$38$$ + &quot;\&quot;,\&quot;bottomline.mainframe.activity.timestamp\&quot;:\&quot;&quot; + ret.$$27$$ + &quot;\&quot;,\&quot;bottomline.mainframe.activity.resource.code\&quot;:\&quot;&quot; + ret.$$1$$ + &quot;\&quot;,\&quot;bottomline.mainframe.activity.resource.name\&quot;:\&quot;&quot; + ret.$$44$$ + &quot;\&quot;,\&quot;bottomline.mainframe.activity.resource.duration\&quot;:&quot; + ret.$$41$$ + &quot;,\&quot;bottomline.mainframe.activity.message\&quot;:\&quot;&quot; + ret.$$51$$ + &quot;\&quot;,\&quot;bottomline.mainframe.activity.customer.id\&quot;:\&quot;&quot; + ret.$$52$$ + &quot;\&quot;,\&quot;bottomline.mainframe.activity.account.id\&quot;:\&quot;&quot; + ret.$$55$$ + &quot;\&quot;,\&quot;bottomline.mainframe.activity.reference\&quot;:\&quot;&quot; + ret.$$48$$ + &quot;\&quot;,\&quot;bottomline.mainframe.activity.money.amount\&quot;:&quot; + ret.$$63$$ + &quot;,\&quot;bottomline.mainframe.activity.money.destination\&quot;:\&quot;&quot; + ret.$$61$$ + &quot;\&quot;,\&quot;bottomline.mainframe.activity.money.source\&quot;:\&quot;&quot; + ret.$$60$$ + &quot;\&quot;,\&quot;bottomline.mainframe.activity.money.transaction_type\&quot;:\&quot;&quot; + ret.$$68$$ + &quot;\&quot;,\&quot;bottomline.mainframe.activity.money.reference\&quot;:\&quot;&quot; + ret.$$66$$ + &quot;\&quot;,\&quot;bottomline.mainframe.activity.money.destination.currency\&quot;:\&quot;&quot; + ret.$$50$$ + &quot;\&quot;,\&quot;bottomline.mainframe.activity.money.source.currency\&quot;:\&quot;&quot; + ret.$$49$$ + &quot;\&quot;,\&quot;bottomline.mainframe.activity.network.client.ip\&quot;:\&quot;&quot; + ret.$$16$$ + &quot;\&quot;,\&quot;bottomline.mainframe.activity.network.destination.ip\&quot;:\&quot;&quot; + ret.$$14$$ + &quot;\&quot;,\&quot;bottomline.mainframe.activity.usr.id\&quot;:\&quot;&quot; + ret.$$7$$ + &quot;\&quot;,\&quot;bottomline.mainframe.activity.usr.action\&quot;:\&quot;&quot; + ret.$$5$$ + &quot;\&quot;,\&quot;bottomline.mainframe.activity.usr.duration\&quot;:&quot; + ret.$$39$$ + &quot;,\&quot;bottomline.mainframe.activity.session.id\&quot;:\&quot;&quot; + ret.$$10$$ + &quot;\&quot;,\&quot;bottomline.mainframe.activity.session.step\&quot;:\&quot;&quot; + ret.$$43$$ + &quot;\&quot;,\&quot;bottomline.mainframe.activity.session.type\&quot;:\&quot;&quot; + ret.$$12$$ + &quot;\&quot;,\&quot;bottomline.mainframe.activity.session.source\&quot;:\&quot;&quot; + ret.$$18$$ + &quot;\&quot;,\&quot;bottomline.mainframe.activity.session.timezone\&quot;:\&quot;&quot; + ret.$$20$$ + &quot;\&quot;,\&quot;bottomline.mainframe.activity.session.replay\&quot;:\&quot;&quot; + ret.$$23$$ + &quot;\&quot;}&quot;);&#xd;
	//}}user-section&#xd;
}&#xd;
</script>
        <usedIdentifiers>
          <Item classVersion="1" id="F1D0004C-5DAD-0D04-DFE1-BFF6A2DE134E" class="Field">
            <name>event_json</name>
            <typeDescriptor class="IEntityReference">
              <EntityId>181503E6-00EA-9459-83D7-3D405F8B43DB</EntityId>
              <EntityName>Event_JSON</EntityName>
              <EntityTypeId>com.intellinx.entities.GXDataTypeEntity</EntityTypeId>
            </typeDescriptor>
            <description></description>
          </Item>
          <Item class="IObjectReference">
            <EntityId>181503E6-00EA-9459-83D7-3D405F8B43DB</EntityId>
            <EntityName>Event_JSON</EntityName>
            <EntityTypeId>com.intellinx.entities.GXDataTypeEntity</EntityTypeId>
            <ObjectKey>506E8822-28BD-DF67-CBDF-1090A5EA58D6</ObjectKey>
            <ObjectClass>Field</ObjectClass>
          </Item>
          <Item class="ScreenAuditEventBuiltinField">SourceScreen</Item>
          <Item class="ScreenAuditEventBuiltinField">ScreenFields</Item>
          <Item class="IEntityReference">
            <EntityId>8D8BFEF8-B762-E194-9863-82C80A7C8D04</EntityId>
            <EntityName>resource</EntityName>
            <EntityTypeId>com.intellinx.entities.GXFieldEntity</EntityTypeId>
          </Item>
          <Item class="IObjectReference">
            <EntityId>181503E6-00EA-9459-83D7-3D405F8B43DB</EntityId>
            <EntityName>Event_JSON</EntityName>
            <EntityTypeId>com.intellinx.entities.GXDataTypeEntity</EntityTypeId>
            <ObjectKey>FB3D120B-C2A6-7D2E-6EA2-DD7371EF44E2</ObjectKey>
            <ObjectClass>Field</ObjectClass>
          </Item>
          <Item class="ScreenAuditEventBuiltinField">SentKey</Item>
          <Item class="IObjectReference">
            <EntityId>181503E6-00EA-9459-83D7-3D405F8B43DB</EntityId>
            <EntityName>Event_JSON</EntityName>
            <EntityTypeId>com.intellinx.entities.GXDataTypeEntity</EntityTypeId>
            <ObjectKey>2918F5E7-835E-9CDE-48DD-D40EDA4D2E90</ObjectKey>
            <ObjectClass>Field</ObjectClass>
          </Item>
          <Item class="DataChannelBuiltinFields">SessionVariables</Item>
          <Item class="BuiltinSessionVariable">UserID</Item>
          <Item class="IObjectReference">
            <EntityId>181503E6-00EA-9459-83D7-3D405F8B43DB</EntityId>
            <EntityName>Event_JSON</EntityName>
            <EntityTypeId>com.intellinx.entities.GXDataTypeEntity</EntityTypeId>
            <ObjectKey>91EE34C5-F16F-CA72-41D8-F5C5BD485354</ObjectKey>
            <ObjectClass>Field</ObjectClass>
          </Item>
          <Item class="SessionSimpleFields">Id</Item>
          <Item class="IObjectReference">
            <EntityId>181503E6-00EA-9459-83D7-3D405F8B43DB</EntityId>
            <EntityName>Event_JSON</EntityName>
            <EntityTypeId>com.intellinx.entities.GXDataTypeEntity</EntityTypeId>
            <ObjectKey>57BDF6A6-DCEC-44E9-20CF-57FE9927F02F</ObjectKey>
            <ObjectClass>Field</ObjectClass>
          </Item>
          <Item class="SessionSimpleFields">Type</Item>
          <Item class="IObjectReference">
            <EntityId>181503E6-00EA-9459-83D7-3D405F8B43DB</EntityId>
            <EntityName>Event_JSON</EntityName>
            <EntityTypeId>com.intellinx.entities.GXDataTypeEntity</EntityTypeId>
            <ObjectKey>4CE26D0C-BDAB-406B-6E07-8A4E389F7350</ObjectKey>
            <ObjectClass>Field</ObjectClass>
          </Item>
          <Item class="SessionSimpleFields">Server</Item>
          <Item class="IObjectReference">
            <EntityId>181503E6-00EA-9459-83D7-3D405F8B43DB</EntityId>
            <EntityName>Event_JSON</EntityName>
            <EntityTypeId>com.intellinx.entities.GXDataTypeEntity</EntityTypeId>
            <ObjectKey>A64C8940-49CA-FAFE-6A84-5966AA566FC1</ObjectKey>
            <ObjectClass>Field</ObjectClass>
          </Item>
          <Item class="SessionSimpleFields">Client</Item>
          <Item class="IObjectReference">
            <EntityId>181503E6-00EA-9459-83D7-3D405F8B43DB</EntityId>
            <EntityName>Event_JSON</EntityName>
            <EntityTypeId>com.intellinx.entities.GXDataTypeEntity</EntityTypeId>
            <ObjectKey>08A5734C-18AA-D83A-CCD0-BF3D88D27C6E</ObjectKey>
            <ObjectClass>Field</ObjectClass>
          </Item>
          <Item class="SessionSimpleFields">Source</Item>
          <Item class="IObjectReference">
            <EntityId>181503E6-00EA-9459-83D7-3D405F8B43DB</EntityId>
            <EntityName>Event_JSON</EntityName>
            <EntityTypeId>com.intellinx.entities.GXDataTypeEntity</EntityTypeId>
            <ObjectKey>931C7CC6-66CB-5799-C8D9-A2B46DA1EE36</ObjectKey>
            <ObjectClass>Field</ObjectClass>
          </Item>
          <Item class="SessionSimpleFields">TimeZone</Item>
          <Item class="IObjectReference">
            <EntityId>181503E6-00EA-9459-83D7-3D405F8B43DB</EntityId>
            <EntityName>Event_JSON</EntityName>
            <EntityTypeId>com.intellinx.entities.GXDataTypeEntity</EntityTypeId>
            <ObjectKey>55C4351A-6026-0353-6D77-AE69F2EFEE68</ObjectKey>
            <ObjectClass>Field</ObjectClass>
          </Item>
          <Item class="IObjectReference">
            <EntityId>181503E6-00EA-9459-83D7-3D405F8B43DB</EntityId>
            <EntityName>Event_JSON</EntityName>
            <EntityTypeId>com.intellinx.entities.GXDataTypeEntity</EntityTypeId>
            <ObjectKey>B3F2D67E-7057-035B-5B62-9E1E8B8AB0FD</ObjectKey>
            <ObjectClass>Field</ObjectClass>
          </Item>
          <Item class="IEntityReference">
            <EntityId>32C358C2-02E1-2BE7-EF5F-FF762BDA4234</EntityId>
            <EntityName>replay_url</EntityName>
            <EntityTypeId>com.intellinx.entities.GXConstantVariableEntity</EntityTypeId>
          </Item>
          <Item class="SessionSimpleFields">AuditEventsNumber</Item>
          <Item class="ConvertFunctions">ToString</Item>
          <Item class="IObjectReference">
            <EntityId>181503E6-00EA-9459-83D7-3D405F8B43DB</EntityId>
            <EntityName>Event_JSON</EntityName>
            <EntityTypeId>com.intellinx.entities.GXDataTypeEntity</EntityTypeId>
            <ObjectKey>4051BDCF-C1A6-219A-C3E2-6E671483937C</ObjectKey>
            <ObjectClass>Field</ObjectClass>
          </Item>
          <Item class="DateTimeInterval">YEAR</Item>
          <Item class="DateFunctions">Date</Item>
          <Item class="DateFunctions">DatePart</Item>
          <Item class="DateTimeInterval">MONTH</Item>
          <Item class="CheckFunctions">IIf</Item>
          <Item class="DateTimeInterval">DAY</Item>
          <Item class="DateTimeInterval">HOUR</Item>
          <Item class="DateTimeInterval">MINUTE</Item>
          <Item class="DateTimeInterval">SECOND</Item>
          <Item class="DateTimeInterval">MILLISECONDS</Item>
          <Item class="IObjectReference">
            <EntityId>181503E6-00EA-9459-83D7-3D405F8B43DB</EntityId>
            <EntityName>Event_JSON</EntityName>
            <EntityTypeId>com.intellinx.entities.GXDataTypeEntity</EntityTypeId>
            <ObjectKey>C86C8362-D368-21D3-3793-41ABB496C9F6</ObjectKey>
            <ObjectClass>Field</ObjectClass>
          </Item>
          <Item class="IObjectReference">
            <EntityId>181503E6-00EA-9459-83D7-3D405F8B43DB</EntityId>
            <EntityName>Event_JSON</EntityName>
            <EntityTypeId>com.intellinx.entities.GXDataTypeEntity</EntityTypeId>
            <ObjectKey>E4B987C4-84D6-FA99-F58F-166D0C95D7D1</ObjectKey>
            <ObjectClass>Field</ObjectClass>
          </Item>
          <Item class="ScreenAuditEventBuiltinField">UserResponseTime</Item>
          <Item class="IObjectReference">
            <EntityId>181503E6-00EA-9459-83D7-3D405F8B43DB</EntityId>
            <EntityName>Event_JSON</EntityName>
            <EntityTypeId>com.intellinx.entities.GXDataTypeEntity</EntityTypeId>
            <ObjectKey>A16DC0AA-A745-EA34-9A95-FD032A94170C</ObjectKey>
            <ObjectClass>Field</ObjectClass>
          </Item>
          <Item class="ScreenAuditEventBuiltinField">HostResponseTime</Item>
          <Item class="IObjectReference">
            <EntityId>181503E6-00EA-9459-83D7-3D405F8B43DB</EntityId>
            <EntityName>Event_JSON</EntityName>
            <EntityTypeId>com.intellinx.entities.GXDataTypeEntity</EntityTypeId>
            <ObjectKey>ED1BA272-D53C-8D3B-53BD-01A389AAC475</ObjectKey>
            <ObjectClass>Field</ObjectClass>
          </Item>
          <Item class="IObjectReference">
            <EntityId>181503E6-00EA-9459-83D7-3D405F8B43DB</EntityId>
            <EntityName>Event_JSON</EntityName>
            <EntityTypeId>com.intellinx.entities.GXDataTypeEntity</EntityTypeId>
            <ObjectKey>83C46453-166A-0B32-666A-3331DEE1121A</ObjectKey>
            <ObjectClass>Field</ObjectClass>
          </Item>
          <Item class="IEntityReference">
            <EntityId>D71F01C4-B80E-BE65-2980-4BE1B23E8661</EntityId>
            <EntityName>resourceLocation</EntityName>
            <EntityTypeId>com.intellinx.entities.GXFieldEntity</EntityTypeId>
          </Item>
          <Item class="StringFunctions">Trim</Item>
          <Item class="IEntityReference">
            <EntityId>2D8FD1B9-B8FB-8B2A-7DEE-8D78191AB95E</EntityId>
            <EntityName>resourceName</EntityName>
            <EntityTypeId>com.intellinx.entities.GXFieldEntity</EntityTypeId>
          </Item>
          <Item class="IObjectReference">
            <EntityId>181503E6-00EA-9459-83D7-3D405F8B43DB</EntityId>
            <EntityName>Event_JSON</EntityName>
            <EntityTypeId>com.intellinx.entities.GXDataTypeEntity</EntityTypeId>
            <ObjectKey>F20A6D83-0B07-7513-458C-B7821699B6A3</ObjectKey>
            <ObjectClass>Field</ObjectClass>
          </Item>
          <Item class="IObjectReference">
            <EntityId>181503E6-00EA-9459-83D7-3D405F8B43DB</EntityId>
            <EntityName>Event_JSON</EntityName>
            <EntityTypeId>com.intellinx.entities.GXDataTypeEntity</EntityTypeId>
            <ObjectKey>FB40855A-9ECE-6F3F-CB4E-247EBB19CF06</ObjectKey>
            <ObjectClass>Field</ObjectClass>
          </Item>
          <Item class="IObjectReference">
            <EntityId>181503E6-00EA-9459-83D7-3D405F8B43DB</EntityId>
            <EntityName>Event_JSON</EntityName>
            <EntityTypeId>com.intellinx.entities.GXDataTypeEntity</EntityTypeId>
            <ObjectKey>FBA77E61-642F-F3C1-E0E7-2988A19D5203</ObjectKey>
            <ObjectClass>Field</ObjectClass>
          </Item>
          <Item class="IObjectReference">
            <EntityId>181503E6-00EA-9459-83D7-3D405F8B43DB</EntityId>
            <EntityName>Event_JSON</EntityName>
            <EntityTypeId>com.intellinx.entities.GXDataTypeEntity</EntityTypeId>
            <ObjectKey>3CD8B6A9-0664-C856-E52A-0793F747B5B7</ObjectKey>
            <ObjectClass>Field</ObjectClass>
          </Item>
          <Item class="IObjectReference">
            <EntityId>181503E6-00EA-9459-83D7-3D405F8B43DB</EntityId>
            <EntityName>Event_JSON</EntityName>
            <EntityTypeId>com.intellinx.entities.GXDataTypeEntity</EntityTypeId>
            <ObjectKey>8057EA00-64BE-CADC-8007-9DFB6E7A6D2B</ObjectKey>
            <ObjectClass>Field</ObjectClass>
          </Item>
          <Item class="IEntityReference">
            <EntityId>399F098B-3FED-2784-7E98-6551D989D931</EntityId>
            <EntityName>isCustomer</EntityName>
            <EntityTypeId>com.intellinx.entities.GXFieldEntity</EntityTypeId>
          </Item>
          <Item class="IEntityReference">
            <EntityId>BB92B05E-0402-8ECF-8426-81FE971D3B58</EntityId>
            <EntityName>customer_id</EntityName>
            <EntityTypeId>com.intellinx.entities.GXFieldEntity</EntityTypeId>
          </Item>
          <Item class="IObjectReference">
            <EntityId>181503E6-00EA-9459-83D7-3D405F8B43DB</EntityId>
            <EntityName>Event_JSON</EntityName>
            <EntityTypeId>com.intellinx.entities.GXDataTypeEntity</EntityTypeId>
            <ObjectKey>5B12BE96-48D8-8E5E-42C8-297470232B29</ObjectKey>
            <ObjectClass>Field</ObjectClass>
          </Item>
          <Item class="IEntityReference">
            <EntityId>08E268DA-B789-68B9-5005-E5616394FFDF</EntityId>
            <EntityName>isAccount</EntityName>
            <EntityTypeId>com.intellinx.entities.GXFieldEntity</EntityTypeId>
          </Item>
          <Item class="IEntityReference">
            <EntityId>B102966B-16DB-69AE-4041-226A2522A9CC</EntityId>
            <EntityName>account_id</EntityName>
            <EntityTypeId>com.intellinx.entities.GXFieldEntity</EntityTypeId>
          </Item>
          <Item class="IEntityReference">
            <EntityId>C3D772C5-1BD4-2F79-F56E-BFECA3A115C6</EntityId>
            <EntityName>isTransaction</EntityName>
            <EntityTypeId>com.intellinx.entities.GXFieldEntity</EntityTypeId>
          </Item>
          <Item class="IEntityReference">
            <EntityId>03BC5ED0-EB71-7F51-B3ED-7081116E4D8B</EntityId>
            <EntityName>source_account</EntityName>
            <EntityTypeId>com.intellinx.entities.GXFieldEntity</EntityTypeId>
          </Item>
          <Item class="IObjectReference">
            <EntityId>181503E6-00EA-9459-83D7-3D405F8B43DB</EntityId>
            <EntityName>Event_JSON</EntityName>
            <EntityTypeId>com.intellinx.entities.GXDataTypeEntity</EntityTypeId>
            <ObjectKey>76A5091B-9336-907C-DE21-E6B3833AE4DB</ObjectKey>
            <ObjectClass>Field</ObjectClass>
          </Item>
          <Item class="IObjectReference">
            <EntityId>181503E6-00EA-9459-83D7-3D405F8B43DB</EntityId>
            <EntityName>Event_JSON</EntityName>
            <EntityTypeId>com.intellinx.entities.GXDataTypeEntity</EntityTypeId>
            <ObjectKey>E7EEABEF-5AC7-C011-48FD-DD06E0A5007A</ObjectKey>
            <ObjectClass>Field</ObjectClass>
          </Item>
          <Item class="IEntityReference">
            <EntityId>E59D2EE1-1AF7-2C50-28AC-7F93FF81C2C2</EntityId>
            <EntityName>destination_account</EntityName>
            <EntityTypeId>com.intellinx.entities.GXFieldEntity</EntityTypeId>
          </Item>
          <Item class="IObjectReference">
            <EntityId>181503E6-00EA-9459-83D7-3D405F8B43DB</EntityId>
            <EntityName>Event_JSON</EntityName>
            <EntityTypeId>com.intellinx.entities.GXDataTypeEntity</EntityTypeId>
            <ObjectKey>DE6C9B13-A35E-A37E-7EC4-AAE0B182A4DB</ObjectKey>
            <ObjectClass>Field</ObjectClass>
          </Item>
          <Item class="IEntityReference">
            <EntityId>51CFDB2E-A125-0773-B00D-5D1170E9A612</EntityId>
            <EntityName>transaction_amount</EntityName>
            <EntityTypeId>com.intellinx.entities.GXFieldEntity</EntityTypeId>
          </Item>
          <Item class="CheckFunctions">IsNull</Item>
          <Item class="IObjectReference">
            <EntityId>181503E6-00EA-9459-83D7-3D405F8B43DB</EntityId>
            <EntityName>Event_JSON</EntityName>
            <EntityTypeId>com.intellinx.entities.GXDataTypeEntity</EntityTypeId>
            <ObjectKey>E3F9E5E1-5DD0-1746-CEC6-C39E0346A940</ObjectKey>
            <ObjectClass>Field</ObjectClass>
          </Item>
          <Item class="IEntityReference">
            <EntityId>DD22D075-ACB0-3946-A801-00B4BB653102</EntityId>
            <EntityName>transaction_reference</EntityName>
            <EntityTypeId>com.intellinx.entities.GXFieldEntity</EntityTypeId>
          </Item>
          <Item class="IObjectReference">
            <EntityId>181503E6-00EA-9459-83D7-3D405F8B43DB</EntityId>
            <EntityName>Event_JSON</EntityName>
            <EntityTypeId>com.intellinx.entities.GXDataTypeEntity</EntityTypeId>
            <ObjectKey>56BC1CA6-0D78-ECF8-E76F-6793BF164DB5</ObjectKey>
            <ObjectClass>Field</ObjectClass>
          </Item>
          <Item class="IEntityReference">
            <EntityId>24FBB7B6-C9D4-0912-D1ED-058B39E4B07B</EntityId>
            <EntityName>money_transaction_type</EntityName>
            <EntityTypeId>com.intellinx.entities.GXFieldEntity</EntityTypeId>
          </Item>
          <Item class="LoggingTypes">Logger</Item>
          <Item class="LoggerStaticMethods">log</Item>
        </usedIdentifiers>
      </action>
      <defaultOutState reference="../../../states/Item"/>
    </Item>
  </steps>
  <finalStateAction id="7DD415F8-F3DC-F668-7D98-A6155697FA27" classVersion="1" class="FlowFunction">
    <name>finalStateAction</name>
    <retType class="NativeTypes">VoidType</retType>
    <arguments>
      <Item class="DataChannelBuiltinVariables">UserEvent</Item>
      <Item class="DataChannelBuiltinVariables">GlobalContext</Item>
      <Item class="DataChannelBuiltinVariables">Session</Item>
    </arguments>
    <script></script>
    <usedIdentifiers/>
  </finalStateAction>
  <intermediateStateAction id="FD4B4D7C-CD11-EBDD-2B54-6402FB39FC9D" classVersion="1" class="FlowFunction">
    <name>intermediateStateAction</name>
    <retType class="NativeTypes">VoidType</retType>
    <arguments>
      <Item class="DataChannelBuiltinVariables">UserEvent</Item>
      <Item class="DataChannelBuiltinVariables">GlobalContext</Item>
      <Item class="DataChannelBuiltinVariables">Session</Item>
    </arguments>
    <script></script>
    <usedIdentifiers/>
  </intermediateStateAction>
  <cancelStateAction id="A35590A2-1C8C-1E9A-92F5-C75C45073D3B" classVersion="1" class="FlowFunction">
    <name>cancelStateAction</name>
    <retType class="NativeTypes">VoidType</retType>
    <arguments>
      <Item class="DataChannelBuiltinVariables">UserEvent</Item>
      <Item class="DataChannelBuiltinVariables">GlobalContext</Item>
      <Item class="DataChannelBuiltinVariables">Session</Item>
    </arguments>
    <script></script>
    <usedIdentifiers/>
  </cancelStateAction>
  <enabled>true</enabled>
  <fields>
    <Item reference="../../steps/Item/action/usedIdentifiers/Item"/>
  </fields>
</Entity>