<Entity version="670100" versionTimestamp="2021-05-19 13:43:00.000" createdBy="" createDate="2022-11-04 16:16:14.317 UTC" updateDate="2022-11-04 16:16:14.317 UTC" updatedBy="" classVersion="1" id="D71F01C4-B80E-BE65-2980-4BE1B23E8661" name="resourceLocation" class="FieldEntity">
  <description></description>
  <typeHolder id="9A944EFD-E20B-5E15-D46F-5A1DED90B9B8" classVersion="1" class="TypeHolder">
    <type class="NativeTypes">StringType</type>
    <isArray>false</isArray>
    <dimension>0</dimension>
  </typeHolder>
  <indexed>false</indexed>
</Entity>