<Entity version="670100" versionTimestamp="2021-05-19 13:43:00.000" createdBy="" createDate="2022-11-23 20:59:38.637 UTC" updateDate="2022-11-23 20:59:38.637 UTC" updatedBy="" classVersion="1" id="DD22D075-ACB0-3946-A801-00B4BB653102" name="transaction_reference" class="FieldEntity">
  <description></description>
  <typeHolder id="7D46F6A7-B98C-9042-9361-EDCEF626E341" classVersion="1" class="TypeHolder">
    <type class="NativeTypes">StringType</type>
    <isArray>false</isArray>
    <dimension>0</dimension>
  </typeHolder>
  <indexed>false</indexed>
</Entity>