<Entity version="670100" versionTimestamp="2021-05-19 13:43:00.000" createdBy="" createDate="2022-11-23 20:58:27.543 UTC" updateDate="2022-11-23 20:58:27.543 UTC" updatedBy="" classVersion="1" id="E59D2EE1-1AF7-2C50-28AC-7F93FF81C2C2" name="destination_account" class="FieldEntity">
  <description></description>
  <typeHolder id="D76E3706-530E-DB45-99CD-B33B4352A7D5" classVersion="1" class="TypeHolder">
    <type class="NativeTypes">StringType</type>
    <isArray>false</isArray>
    <dimension>0</dimension>
  </typeHolder>
  <indexed>false</indexed>
</Entity>