<Entity version="670100" versionTimestamp="2021-05-19 13:43:00.000" createdBy="" createDate="2022-11-23 20:59:57.857 UTC" updateDate="2022-11-23 20:59:57.857 UTC" updatedBy="" classVersion="1" id="C3D772C5-1BD4-2F79-F56E-BFECA3A115C6" name="isTransaction" class="FieldEntity">
  <description></description>
  <typeHolder id="F96C4D4B-0405-AFF7-80B3-F8F18EF9F73C" classVersion="1" class="TypeHolder">
    <type class="NativeTypes">StringType</type>
    <isArray>false</isArray>
    <dimension>0</dimension>
  </typeHolder>
  <indexed>false</indexed>
</Entity>