<Entity version="670100" versionTimestamp="2021-05-19 13:43:00.000" createdBy="" createDate="2022-11-23 20:58:55.319 UTC" updateDate="2022-11-23 20:58:55.319 UTC" updatedBy="" classVersion="1" id="51CFDB2E-A125-0773-B00D-5D1170E9A612" name="transaction_amount" class="FieldEntity">
  <description></description>
  <typeHolder id="A2E4A73E-5EA4-3194-58EB-0C0A3F64C5B0" classVersion="1" class="TypeHolder">
    <type class="NativeTypes">StringType</type>
    <isArray>false</isArray>
    <dimension>0</dimension>
  </typeHolder>
  <indexed>false</indexed>
</Entity>