<Entity version="670100" versionTimestamp="2021-05-19 13:43:00.000" createdBy="" createDate="2022-11-02 19:59:14.238 UTC" updateDate="2022-12-06 23:14:49.292 UTC" updatedBy="" classVersion="1" id="C7778B40-F2F1-EA5F-5048-AE135729A071" name="DC_3270_Login_Event" class="BusinessEvent">
  <description></description>
  <states>
    <Item classVersion="1" id="24A6815D-E3CF-5709-A9AB-368B9D7357C0" name="Final" class="BusinessEventState">
      <type class="StateType">Final</type>
      <transitionAction id="C9988F1B-134B-F48E-D088-D9872E615F2C" classVersion="1" class="FlowFunction">
        <name>transtionAction</name>
        <retType class="NativeTypes">VoidType</retType>
        <arguments>
          <Item class="DataChannelBuiltinVariables">Session</Item>
          <Item class="DataChannelBuiltinVariables">GlobalContext</Item>
          <Item class="DataChannelBuiltinVariables">UserEvent</Item>
        </arguments>
        <script></script>
        <usedIdentifiers/>
      </transitionAction>
    </Item>
    <Item classVersion="1" id="E937E018-19A6-BA88-1FB9-3D33144CE97B" name="Cancel" class="BusinessEventState">
      <type class="StateType">Cancel</type>
      <transitionAction id="DC915A82-D267-F4A2-2909-A6ADFC7716D2" classVersion="1" class="FlowFunction">
        <name>transtionAction</name>
        <retType class="NativeTypes">VoidType</retType>
        <arguments>
          <Item class="DataChannelBuiltinVariables">Session</Item>
          <Item class="DataChannelBuiltinVariables">GlobalContext</Item>
          <Item class="DataChannelBuiltinVariables">UserEvent</Item>
        </arguments>
        <script></script>
        <usedIdentifiers/>
      </transitionAction>
    </Item>
    <Item classVersion="1" id="DB0343A2-1D7C-DE5B-3193-11500B1ECE34" name="Intermediate" class="BusinessEventState">
      <type class="StateType">Intermediate</type>
      <transitionAction id="19ACF1E3-FD51-1F3F-4F2E-1A221B95CD77" classVersion="1" class="FlowFunction">
        <name>transtionAction</name>
        <retType class="NativeTypes">VoidType</retType>
        <arguments>
          <Item class="DataChannelBuiltinVariables">Session</Item>
          <Item class="DataChannelBuiltinVariables">GlobalContext</Item>
          <Item class="DataChannelBuiltinVariables">UserEvent</Item>
        </arguments>
        <script></script>
        <usedIdentifiers/>
      </transitionAction>
    </Item>
  </states>
  <steps>
    <Item classVersion="1" id="839BFC39-4F3D-9FDB-3EA0-1A5BFC6B2B3D" class="BusinessEventStep">
      <inStates>
        <Item class="BuiltinBusinessEventState">Initial</Item>
      </inStates>
      <condition id="11BC8B0E-B26B-F328-CE88-4199CAF55FA3" classVersion="1" class="FlowFunction">
        <name>Condition</name>
        <retType class="NativeTypes">BooleanType</retType>
        <arguments>
          <Item class="DataChannelBuiltinVariables">GlobalContext</Item>
          <Item class="ScreenDataChannelBuiltinVariables">AuditEvent</Item>
          <Item class="DataChannelBuiltinVariables">Session</Item>
          <Item class="DataChannelBuiltinVariables">UserEvent</Item>
        </arguments>
        <script>var condition = true;&#xd;
//user-section(source_screens_condition){{&#xd;
condition = condition &amp;&amp; (typeOf(auditEvent.$$0$$.$$1$$) == $$2$$.$$3$$ || typeOf(auditEvent.$$0$$.$$1$$) == $$4$$.$$5$$)&#xd;
//}}user-section&#xd;
//user-section(user_action_condition){{&#xd;
condition = condition &amp;&amp; (auditEvent.$$0$$.$$6$$ == &quot;[enter]&quot;)&#xd;
//}}user-section&#xd;
return condition</script>
        <usedIdentifiers>
          <Item class="ScreenAuditEventBuiltinField">SourceScreen</Item>
          <Item class="ScreenAuditEventBuiltinField">Screen</Item>
          <Item class="IEntityReference">
            <EntityId>CF48BE2E-3661-704A-A6FC-518F2E88D260</EntityId>
            <EntityName>DC_3270_Login</EntityName>
            <EntityTypeId>com.intellinx.entities.GXScreen</EntityTypeId>
          </Item>
          <Item class="IObjectReference">
            <EntityId>CF48BE2E-3661-704A-A6FC-518F2E88D260</EntityId>
            <EntityName>DC_3270_Login</EntityName>
            <EntityTypeId>com.intellinx.entities.GXScreen</EntityTypeId>
            <ObjectKey>ECCDBC32-496F-B03D-307B-B599554C8395</ObjectKey>
            <ObjectClass>ClassField</ObjectClass>
          </Item>
          <Item class="IEntityReference">
            <EntityId>45E394A6-D86A-E202-381F-B6E9F4424D1F</EntityId>
            <EntityName>SignonToCics</EntityName>
            <EntityTypeId>com.intellinx.entities.GXScreen</EntityTypeId>
          </Item>
          <Item class="IObjectReference">
            <EntityId>45E394A6-D86A-E202-381F-B6E9F4424D1F</EntityId>
            <EntityName>SignonToCics</EntityName>
            <EntityTypeId>com.intellinx.entities.GXScreen</EntityTypeId>
            <ObjectKey>CB1A3DCB-87D1-7BCA-DB09-95265538309A</ObjectKey>
            <ObjectClass>ClassField</ObjectClass>
          </Item>
          <Item class="ScreenAuditEventBuiltinField">SentKey</Item>
        </usedIdentifiers>
      </condition>
      <action id="C56C95AD-1ADE-FE92-9470-4EEBA5846B98" classVersion="1" class="FlowFunction">
        <name>Action</name>
        <retType class="NativeTypes">VoidType</retType>
        <arguments>
          <Item class="DataChannelBuiltinVariables">GlobalContext</Item>
          <Item class="ScreenDataChannelBuiltinVariables">AuditEvent</Item>
          <Item class="DataChannelBuiltinVariables">Session</Item>
          <Item class="DataChannelBuiltinVariables">UserEvent</Item>
        </arguments>
        <script>//user-section(declare_variables){{&#xd;
var ret = businessEvent.$$0$$;&#xd;
//}}user-section&#xd;
//user-section(mapper){{&#xd;
businessEvent.$$0$$.$$1$$ = auditEvent.$$2$$.$$3$$.$$4$$;&#xd;
businessEvent.$$0$$.$$5$$ = auditEvent.$$2$$.$$6$$;&#xd;
businessEvent.$$0$$.$$7$$ = session.$$8$$;&#xd;
businessEvent.$$0$$.$$9$$ = session.$$10$$;&#xd;
businessEvent.$$0$$.$$11$$ = session.$$12$$;&#xd;
businessEvent.$$0$$.$$13$$ = session.$$14$$;&#xd;
businessEvent.$$0$$.$$15$$ = session.$$16$$;&#xd;
businessEvent.$$0$$.$$17$$ = session.$$18$$;&#xd;
businessEvent.$$0$$.$$19$$ = $$21$$(session.$$20$$);&#xd;
businessEvent.$$0$$.$$22$$ = $$21$$(auditEvent.$$23$$ * 1000000);&#xd;
businessEvent.$$0$$.$$24$$ = $$21$$(auditEvent.$$25$$ * 1000000);&#xd;
businessEvent.$$0$$.$$26$$ = $$27$$ + &quot;?gxsessionid=&quot; + session.$$8$$ + &quot;&amp;gxstep=&quot; + $$21$$(session.$$20$$);&#xd;
businessEvent.$$0$$.$$28$$ = $$21$$(session.$$29$$);&#xd;
businessEvent.$$0$$.$$30$$ = &quot;Login&quot;;&#xd;
businessEvent.$$0$$.$$31$$ = &quot;Login&quot;;&#xd;
businessEvent.$$0$$.$$32$$ = &quot;Login&quot;;&#xd;
businessEvent.$$0$$.$$33$$ = &quot;EventsToExternalSystem&quot;;&#xd;
businessEvent.$$0$$.$$34$$ = &quot;&quot;;&#xd;
businessEvent.$$0$$.$$35$$ = &quot;&quot;;&#xd;
businessEvent.$$0$$.$$36$$ = &quot;&quot;;&#xd;
businessEvent.$$0$$.$$37$$ = &quot;&quot;;&#xd;
businessEvent.$$0$$.$$38$$ = &quot;&quot;;&#xd;
businessEvent.$$0$$.$$39$$ = &quot;&quot;;&#xd;
businessEvent.$$0$$.$$40$$ = &quot;&quot;;&#xd;
businessEvent.$$0$$.$$41$$ = &quot;&quot;;&#xd;
ret.$$1$$ = auditEvent.$$2$$.$$3$$.$$4$$;&#xd;
ret.$$33$$ = &quot;EventsToExternalSystem&quot;;&#xd;
ret.$$28$$ = $$21$$(session.$$29$$);&#xd;
ret.$$26$$ = $$27$$ + &quot;?gxsessionid=&quot; + session.$$8$$ + &quot;&amp;gxsetp=&quot; + $$21$$(session.$$20$$);&#xd;
ret.$$24$$ = $$21$$(auditEvent.$$25$$ * 1000000);&#xd;
ret.$$22$$ = $$21$$(auditEvent.$$23$$ * 1000000);&#xd;
ret.$$19$$ = $$21$$(session.$$20$$);&#xd;
ret.$$17$$ = session.$$18$$;&#xd;
ret.$$15$$ = session.$$16$$;&#xd;
ret.$$13$$ = session.$$14$$;&#xd;
ret.$$11$$ = session.$$12$$;&#xd;
ret.$$9$$ = session.$$10$$;&#xd;
ret.$$7$$ = session.$$8$$;&#xd;
ret.$$5$$ = auditEvent.$$2$$.$$6$$;&#xd;
ret.$$32$$ = &quot;Login&quot;;&#xd;
ret.$$31$$ = &quot;Login&quot;;&#xd;
ret.$$30$$ = &quot;Login&quot;;&#xd;
ret.$$41$$ = &quot;&quot;;&#xd;
ret.$$40$$ = &quot;&quot;;&#xd;
ret.$$39$$ = &quot;&quot;;&#xd;
ret.$$38$$ = &quot;&quot;;&#xd;
ret.$$37$$ = &quot;&quot;;&#xd;
ret.$$36$$ = &quot;&quot;;&#xd;
ret.$$42$$ = &quot;&quot;;&#xd;
ret.$$43$$ = &quot;&quot;;&#xd;
ret.$$35$$ = &quot;&quot;;&#xd;
ret.$$34$$ = &quot;&quot;;&#xd;
session.$$44$$.$$45$$ = auditEvent.$$2$$.$$3$$.$$4$$;&#xd;
businessEvent.$$0$$.$$43$$ = auditEvent.$$2$$.$$3$$.$$4$$ + &quot; accessed the following resource: Login&quot;;&#xd;
businessEvent.$$0$$.$$46$$ = &quot;&quot;;&#xd;
businessEvent.$$0$$.$$42$$ = &quot;0&quot;;&#xd;
//}}user-section&#xd;
//user-section(execute_function){{&#xd;
$$47$$.$$48$$(ret.$$33$$, &quot;{\&quot;bottomline.mainframe.activity.type\&quot;:\&quot;&quot; + ret.$$30$$ + &#xd;
&quot;\&quot;,\&quot;bottomline.mainframe.activity.timestamp\&quot;:\&quot;&quot; + ret.$$28$$ + &#xd;
&quot;\&quot;,\&quot;bottomline.mainframe.activity.resource.code\&quot;:\&quot;&quot; + ret.$$32$$ + &#xd;
&quot;\&quot;,\&quot;bottomline.mainframe.activity.resource.name\&quot;:\&quot;&quot; + ret.$$31$$ + &#xd;
&quot;\&quot;,\&quot;bottomline.mainframe.activity.resource.@duration\&quot;:&quot; + ret.$$24$$ + &#xd;
&quot;,\&quot;bottomline.mainframe.activity.message\&quot;:\&quot;&quot; + ret.$$43$$ + &#xd;
&quot;\&quot;,\&quot;bottomline.mainframe.activity.customer.id\&quot;:\&quot;&quot; + ret.$$35$$ + &#xd;
&quot;\&quot;,\&quot;bottomline.mainframe.activity.account.id\&quot;:\&quot;&quot; + ret.$$34$$ + &#xd;
&quot;\&quot;,\&quot;bottomline.mainframe.activity.reference\&quot;:\&quot;&quot; + ret.$$41$$ + &#xd;
&quot;\&quot;,\&quot;bottomline.mainframe.activity.money.amount\&quot;:&quot; + ret.$$42$$ + &#xd;
&quot;,\&quot;bottomline.mainframe.activity.money.destination\&quot;:\&quot;&quot; + ret.$$36$$ + &#xd;
&quot;\&quot;,\&quot;bottomline.mainframe.activity.money.source\&quot;:\&quot;&quot; + ret.$$39$$ + &#xd;
&quot;\&quot;,\&quot;bottomline.mainframe.activity.money.transaction_type\&quot;:\&quot;&quot; + ret.$$46$$ + &#xd;
&quot;\&quot;,\&quot;bottomline.mainframe.activity.money.reference\&quot;:\&quot;&quot; + ret.$$38$$ + &#xd;
&quot;\&quot;,\&quot;bottomline.mainframe.activity.money.destination.currency\&quot;:\&quot;&quot; + ret.$$37$$ + &#xd;
&quot;\&quot;,\&quot;bottomline.mainframe.activity.money.source.currency\&quot;:\&quot;&quot; + ret.$$40$$ + &#xd;
&quot;\&quot;,\&quot;bottomline.mainframe.activity.@network.client.ip\&quot;:\&quot;&quot; + ret.$$13$$ + &#xd;
&quot;\&quot;,\&quot;bottomline.mainframe.activity.@network.destination.ip\&quot;:\&quot;&quot; + ret.$$11$$ + &#xd;
&quot;\&quot;,\&quot;bottomline.mainframe.activity.@usr.id\&quot;:\&quot;&quot; + ret.$$1$$ + &#xd;
&quot;\&quot;,\&quot;bottomline.mainframe.activity.@usr.action\&quot;:\&quot;&quot; + ret.$$5$$ + &#xd;
&quot;\&quot;,\&quot;bottomline.mainframe.activity.@usr.@duration\&quot;:&quot; + ret.$$22$$ + &#xd;
&quot;,\&quot;bottomline.mainframe.activity.session.id\&quot;:\&quot;&quot; + ret.$$7$$ + &#xd;
&quot;\&quot;,\&quot;bottomline.mainframe.activity.session.step\&quot;:\&quot;&quot; + ret.$$19$$ + &#xd;
&quot;\&quot;,\&quot;bottomline.mainframe.activity.session.type\&quot;:\&quot;&quot; + ret.$$9$$ + &#xd;
&quot;\&quot;,\&quot;bottomline.mainframe.activity.session.source\&quot;:\&quot;&quot; + ret.$$15$$ + &#xd;
&quot;\&quot;,\&quot;bottomline.mainframe.activity.session.timezone\&quot;:\&quot;&quot; + ret.$$17$$ + &#xd;
&quot;\&quot;,\&quot;bottomline.mainframe.activity.session.replay\&quot;:\&quot;&quot; + ret.$$26$$ + &#xd;
&quot;\&quot;}&quot;);&#xd;
//}}user-section&#xd;
</script>
        <usedIdentifiers>
          <Item classVersion="1" id="5E8A0743-EE48-C09C-C3A0-25C1450CCDBC" class="Field">
            <name>event_json</name>
            <typeDescriptor class="IEntityReference">
              <EntityId>181503E6-00EA-9459-83D7-3D405F8B43DB</EntityId>
              <EntityName>Event_JSON</EntityName>
              <EntityTypeId>com.intellinx.entities.GXDataTypeEntity</EntityTypeId>
            </typeDescriptor>
            <description></description>
          </Item>
          <Item class="IObjectReference">
            <EntityId>181503E6-00EA-9459-83D7-3D405F8B43DB</EntityId>
            <EntityName>Event_JSON</EntityName>
            <EntityTypeId>com.intellinx.entities.GXDataTypeEntity</EntityTypeId>
            <ObjectKey>2918F5E7-835E-9CDE-48DD-D40EDA4D2E90</ObjectKey>
            <ObjectClass>Field</ObjectClass>
          </Item>
          <Item class="ScreenAuditEventBuiltinField">SourceScreen</Item>
          <Item class="ScreenAuditEventBuiltinField">ScreenFields</Item>
          <Item class="IEntityReference">
            <EntityId>5E052DAB-0C53-5559-8709-38D1A886B8B5</EntityId>
            <EntityName>user_id</EntityName>
            <EntityTypeId>com.intellinx.entities.GXFieldEntity</EntityTypeId>
          </Item>
          <Item class="IObjectReference">
            <EntityId>181503E6-00EA-9459-83D7-3D405F8B43DB</EntityId>
            <EntityName>Event_JSON</EntityName>
            <EntityTypeId>com.intellinx.entities.GXDataTypeEntity</EntityTypeId>
            <ObjectKey>FB3D120B-C2A6-7D2E-6EA2-DD7371EF44E2</ObjectKey>
            <ObjectClass>Field</ObjectClass>
          </Item>
          <Item class="ScreenAuditEventBuiltinField">SentKey</Item>
          <Item class="IObjectReference">
            <EntityId>181503E6-00EA-9459-83D7-3D405F8B43DB</EntityId>
            <EntityName>Event_JSON</EntityName>
            <EntityTypeId>com.intellinx.entities.GXDataTypeEntity</EntityTypeId>
            <ObjectKey>91EE34C5-F16F-CA72-41D8-F5C5BD485354</ObjectKey>
            <ObjectClass>Field</ObjectClass>
          </Item>
          <Item class="SessionSimpleFields">Id</Item>
          <Item class="IObjectReference">
            <EntityId>181503E6-00EA-9459-83D7-3D405F8B43DB</EntityId>
            <EntityName>Event_JSON</EntityName>
            <EntityTypeId>com.intellinx.entities.GXDataTypeEntity</EntityTypeId>
            <ObjectKey>57BDF6A6-DCEC-44E9-20CF-57FE9927F02F</ObjectKey>
            <ObjectClass>Field</ObjectClass>
          </Item>
          <Item class="SessionSimpleFields">Type</Item>
          <Item class="IObjectReference">
            <EntityId>181503E6-00EA-9459-83D7-3D405F8B43DB</EntityId>
            <EntityName>Event_JSON</EntityName>
            <EntityTypeId>com.intellinx.entities.GXDataTypeEntity</EntityTypeId>
            <ObjectKey>4CE26D0C-BDAB-406B-6E07-8A4E389F7350</ObjectKey>
            <ObjectClass>Field</ObjectClass>
          </Item>
          <Item class="SessionSimpleFields">Server</Item>
          <Item class="IObjectReference">
            <EntityId>181503E6-00EA-9459-83D7-3D405F8B43DB</EntityId>
            <EntityName>Event_JSON</EntityName>
            <EntityTypeId>com.intellinx.entities.GXDataTypeEntity</EntityTypeId>
            <ObjectKey>A64C8940-49CA-FAFE-6A84-5966AA566FC1</ObjectKey>
            <ObjectClass>Field</ObjectClass>
          </Item>
          <Item class="SessionSimpleFields">Client</Item>
          <Item class="IObjectReference">
            <EntityId>181503E6-00EA-9459-83D7-3D405F8B43DB</EntityId>
            <EntityName>Event_JSON</EntityName>
            <EntityTypeId>com.intellinx.entities.GXDataTypeEntity</EntityTypeId>
            <ObjectKey>08A5734C-18AA-D83A-CCD0-BF3D88D27C6E</ObjectKey>
            <ObjectClass>Field</ObjectClass>
          </Item>
          <Item class="SessionSimpleFields">Source</Item>
          <Item class="IObjectReference">
            <EntityId>181503E6-00EA-9459-83D7-3D405F8B43DB</EntityId>
            <EntityName>Event_JSON</EntityName>
            <EntityTypeId>com.intellinx.entities.GXDataTypeEntity</EntityTypeId>
            <ObjectKey>931C7CC6-66CB-5799-C8D9-A2B46DA1EE36</ObjectKey>
            <ObjectClass>Field</ObjectClass>
          </Item>
          <Item class="SessionSimpleFields">TimeZone</Item>
          <Item class="IObjectReference">
            <EntityId>181503E6-00EA-9459-83D7-3D405F8B43DB</EntityId>
            <EntityName>Event_JSON</EntityName>
            <EntityTypeId>com.intellinx.entities.GXDataTypeEntity</EntityTypeId>
            <ObjectKey>ED1BA272-D53C-8D3B-53BD-01A389AAC475</ObjectKey>
            <ObjectClass>Field</ObjectClass>
          </Item>
          <Item class="SessionSimpleFields">AuditEventsNumber</Item>
          <Item class="ConvertFunctions">ToString</Item>
          <Item class="IObjectReference">
            <EntityId>181503E6-00EA-9459-83D7-3D405F8B43DB</EntityId>
            <EntityName>Event_JSON</EntityName>
            <EntityTypeId>com.intellinx.entities.GXDataTypeEntity</EntityTypeId>
            <ObjectKey>E4B987C4-84D6-FA99-F58F-166D0C95D7D1</ObjectKey>
            <ObjectClass>Field</ObjectClass>
          </Item>
          <Item class="ScreenAuditEventBuiltinField">UserResponseTime</Item>
          <Item class="IObjectReference">
            <EntityId>181503E6-00EA-9459-83D7-3D405F8B43DB</EntityId>
            <EntityName>Event_JSON</EntityName>
            <EntityTypeId>com.intellinx.entities.GXDataTypeEntity</EntityTypeId>
            <ObjectKey>A16DC0AA-A745-EA34-9A95-FD032A94170C</ObjectKey>
            <ObjectClass>Field</ObjectClass>
          </Item>
          <Item class="ScreenAuditEventBuiltinField">HostResponseTime</Item>
          <Item class="IObjectReference">
            <EntityId>181503E6-00EA-9459-83D7-3D405F8B43DB</EntityId>
            <EntityName>Event_JSON</EntityName>
            <EntityTypeId>com.intellinx.entities.GXDataTypeEntity</EntityTypeId>
            <ObjectKey>B3F2D67E-7057-035B-5B62-9E1E8B8AB0FD</ObjectKey>
            <ObjectClass>Field</ObjectClass>
          </Item>
          <Item class="IEntityReference">
            <EntityId>32C358C2-02E1-2BE7-EF5F-FF762BDA4234</EntityId>
            <EntityName>replay_url</EntityName>
            <EntityTypeId>com.intellinx.entities.GXConstantVariableEntity</EntityTypeId>
          </Item>
          <Item class="IObjectReference">
            <EntityId>181503E6-00EA-9459-83D7-3D405F8B43DB</EntityId>
            <EntityName>Event_JSON</EntityName>
            <EntityTypeId>com.intellinx.entities.GXDataTypeEntity</EntityTypeId>
            <ObjectKey>4051BDCF-C1A6-219A-C3E2-6E671483937C</ObjectKey>
            <ObjectClass>Field</ObjectClass>
          </Item>
          <Item class="SessionSimpleFields">ActivityTimestamp</Item>
          <Item class="IObjectReference">
            <EntityId>181503E6-00EA-9459-83D7-3D405F8B43DB</EntityId>
            <EntityName>Event_JSON</EntityName>
            <EntityTypeId>com.intellinx.entities.GXDataTypeEntity</EntityTypeId>
            <ObjectKey>C86C8362-D368-21D3-3793-41ABB496C9F6</ObjectKey>
            <ObjectClass>Field</ObjectClass>
          </Item>
          <Item class="IObjectReference">
            <EntityId>181503E6-00EA-9459-83D7-3D405F8B43DB</EntityId>
            <EntityName>Event_JSON</EntityName>
            <EntityTypeId>com.intellinx.entities.GXDataTypeEntity</EntityTypeId>
            <ObjectKey>83C46453-166A-0B32-666A-3331DEE1121A</ObjectKey>
            <ObjectClass>Field</ObjectClass>
          </Item>
          <Item class="IObjectReference">
            <EntityId>181503E6-00EA-9459-83D7-3D405F8B43DB</EntityId>
            <EntityName>Event_JSON</EntityName>
            <EntityTypeId>com.intellinx.entities.GXDataTypeEntity</EntityTypeId>
            <ObjectKey>506E8822-28BD-DF67-CBDF-1090A5EA58D6</ObjectKey>
            <ObjectClass>Field</ObjectClass>
          </Item>
          <Item class="IObjectReference">
            <EntityId>181503E6-00EA-9459-83D7-3D405F8B43DB</EntityId>
            <EntityName>Event_JSON</EntityName>
            <EntityTypeId>com.intellinx.entities.GXDataTypeEntity</EntityTypeId>
            <ObjectKey>55C4351A-6026-0353-6D77-AE69F2EFEE68</ObjectKey>
            <ObjectClass>Field</ObjectClass>
          </Item>
          <Item class="IObjectReference">
            <EntityId>181503E6-00EA-9459-83D7-3D405F8B43DB</EntityId>
            <EntityName>Event_JSON</EntityName>
            <EntityTypeId>com.intellinx.entities.GXDataTypeEntity</EntityTypeId>
            <ObjectKey>5B12BE96-48D8-8E5E-42C8-297470232B29</ObjectKey>
            <ObjectClass>Field</ObjectClass>
          </Item>
          <Item class="IObjectReference">
            <EntityId>181503E6-00EA-9459-83D7-3D405F8B43DB</EntityId>
            <EntityName>Event_JSON</EntityName>
            <EntityTypeId>com.intellinx.entities.GXDataTypeEntity</EntityTypeId>
            <ObjectKey>8057EA00-64BE-CADC-8007-9DFB6E7A6D2B</ObjectKey>
            <ObjectClass>Field</ObjectClass>
          </Item>
          <Item class="IObjectReference">
            <EntityId>181503E6-00EA-9459-83D7-3D405F8B43DB</EntityId>
            <EntityName>Event_JSON</EntityName>
            <EntityTypeId>com.intellinx.entities.GXDataTypeEntity</EntityTypeId>
            <ObjectKey>E7EEABEF-5AC7-C011-48FD-DD06E0A5007A</ObjectKey>
            <ObjectClass>Field</ObjectClass>
          </Item>
          <Item class="IObjectReference">
            <EntityId>181503E6-00EA-9459-83D7-3D405F8B43DB</EntityId>
            <EntityName>Event_JSON</EntityName>
            <EntityTypeId>com.intellinx.entities.GXDataTypeEntity</EntityTypeId>
            <ObjectKey>FBA77E61-642F-F3C1-E0E7-2988A19D5203</ObjectKey>
            <ObjectClass>Field</ObjectClass>
          </Item>
          <Item class="IObjectReference">
            <EntityId>181503E6-00EA-9459-83D7-3D405F8B43DB</EntityId>
            <EntityName>Event_JSON</EntityName>
            <EntityTypeId>com.intellinx.entities.GXDataTypeEntity</EntityTypeId>
            <ObjectKey>E3F9E5E1-5DD0-1746-CEC6-C39E0346A940</ObjectKey>
            <ObjectClass>Field</ObjectClass>
          </Item>
          <Item class="IObjectReference">
            <EntityId>181503E6-00EA-9459-83D7-3D405F8B43DB</EntityId>
            <EntityName>Event_JSON</EntityName>
            <EntityTypeId>com.intellinx.entities.GXDataTypeEntity</EntityTypeId>
            <ObjectKey>76A5091B-9336-907C-DE21-E6B3833AE4DB</ObjectKey>
            <ObjectClass>Field</ObjectClass>
          </Item>
          <Item class="IObjectReference">
            <EntityId>181503E6-00EA-9459-83D7-3D405F8B43DB</EntityId>
            <EntityName>Event_JSON</EntityName>
            <EntityTypeId>com.intellinx.entities.GXDataTypeEntity</EntityTypeId>
            <ObjectKey>FB40855A-9ECE-6F3F-CB4E-247EBB19CF06</ObjectKey>
            <ObjectClass>Field</ObjectClass>
          </Item>
          <Item class="IObjectReference">
            <EntityId>181503E6-00EA-9459-83D7-3D405F8B43DB</EntityId>
            <EntityName>Event_JSON</EntityName>
            <EntityTypeId>com.intellinx.entities.GXDataTypeEntity</EntityTypeId>
            <ObjectKey>F20A6D83-0B07-7513-458C-B7821699B6A3</ObjectKey>
            <ObjectClass>Field</ObjectClass>
          </Item>
          <Item class="IObjectReference">
            <EntityId>181503E6-00EA-9459-83D7-3D405F8B43DB</EntityId>
            <EntityName>Event_JSON</EntityName>
            <EntityTypeId>com.intellinx.entities.GXDataTypeEntity</EntityTypeId>
            <ObjectKey>DE6C9B13-A35E-A37E-7EC4-AAE0B182A4DB</ObjectKey>
            <ObjectClass>Field</ObjectClass>
          </Item>
          <Item class="IObjectReference">
            <EntityId>181503E6-00EA-9459-83D7-3D405F8B43DB</EntityId>
            <EntityName>Event_JSON</EntityName>
            <EntityTypeId>com.intellinx.entities.GXDataTypeEntity</EntityTypeId>
            <ObjectKey>3CD8B6A9-0664-C856-E52A-0793F747B5B7</ObjectKey>
            <ObjectClass>Field</ObjectClass>
          </Item>
          <Item class="DataChannelBuiltinFields">SessionVariables</Item>
          <Item class="BuiltinSessionVariable">UserID</Item>
          <Item class="IObjectReference">
            <EntityId>181503E6-00EA-9459-83D7-3D405F8B43DB</EntityId>
            <EntityName>Event_JSON</EntityName>
            <EntityTypeId>com.intellinx.entities.GXDataTypeEntity</EntityTypeId>
            <ObjectKey>56BC1CA6-0D78-ECF8-E76F-6793BF164DB5</ObjectKey>
            <ObjectClass>Field</ObjectClass>
          </Item>
          <Item class="LoggingTypes">Logger</Item>
          <Item class="LoggerStaticMethods">log</Item>
        </usedIdentifiers>
      </action>
      <defaultOutState reference="../../../states/Item"/>
    </Item>
  </steps>
  <finalStateAction id="1306DD7D-3B6E-3145-166C-71BD0D68CD6B" classVersion="1" class="FlowFunction">
    <name>finalStateAction</name>
    <retType class="NativeTypes">VoidType</retType>
    <arguments>
      <Item class="DataChannelBuiltinVariables">UserEvent</Item>
      <Item class="DataChannelBuiltinVariables">GlobalContext</Item>
      <Item class="DataChannelBuiltinVariables">Session</Item>
    </arguments>
    <script></script>
    <usedIdentifiers/>
  </finalStateAction>
  <intermediateStateAction id="8583B7CF-BCE2-93A1-D4F5-2016C206B1A3" classVersion="1" class="FlowFunction">
    <name>intermediateStateAction</name>
    <retType class="NativeTypes">VoidType</retType>
    <arguments>
      <Item class="DataChannelBuiltinVariables">UserEvent</Item>
      <Item class="DataChannelBuiltinVariables">GlobalContext</Item>
      <Item class="DataChannelBuiltinVariables">Session</Item>
    </arguments>
    <script></script>
    <usedIdentifiers/>
  </intermediateStateAction>
  <cancelStateAction id="71FDD9BB-1D7E-DC73-EB4C-C8EACC2F0EFF" classVersion="1" class="FlowFunction">
    <name>cancelStateAction</name>
    <retType class="NativeTypes">VoidType</retType>
    <arguments>
      <Item class="DataChannelBuiltinVariables">UserEvent</Item>
      <Item class="DataChannelBuiltinVariables">GlobalContext</Item>
      <Item class="DataChannelBuiltinVariables">Session</Item>
    </arguments>
    <script></script>
    <usedIdentifiers/>
  </cancelStateAction>
  <enabled>true</enabled>
  <fields>
    <Item reference="../../steps/Item/action/usedIdentifiers/Item"/>
  </fields>
</Entity>