<Entity version="670100" versionTimestamp="2021-05-19 13:43:00.000" createdBy="" createDate="2022-12-13 19:07:02.638 UTC" updateDate="2022-12-14 15:43:49.287 UTC" updatedBy="" classVersion="1" id="FBE77E7F-BE1E-9D8D-0BCE-E4EB0D28884D" name="ScheduledFlow_MonitoredUser_Metrics" class="ScheduledFlowEntity">
  <description></description>
  <innerFlow id="208EDAD3-EC67-5028-A06F-0541BC8148BB" classVersion="1" class="FlowFunction">
    <name>ScheduledJob</name>
    <retType class="NativeTypes">VoidType</retType>
    <arguments/>
    <script>//user-section(execute_function)(functionType=&quot;Database query&quot;){{&#xd;
var functionResult = $$0$$();&#xd;
//}}user-section&#xd;
//user-section(execute_function){{&#xd;
$$1$$.$$4$$(&quot;EventsToExternalSystem&quot;, &quot;{\&quot;datadog.marketplace.bottomline.mainframe.activity.usr.id.count\&quot;:&quot; + $$3$$(functionResult[0].$$2$$) + &quot;}&quot;);&#xd;
//}}user-section&#xd;
</script>
    <usedIdentifiers>
      <Item class="IEntityReference">
        <EntityId>9E3CA13F-552F-FBE7-3FE7-6E306F58F4CB</EntityId>
        <EntityName>DatabaseQuery_MonitoredUsers_Count</EntityName>
        <EntityTypeId>com.intellinx.configuration.entities.GXDatabaseQuery</EntityTypeId>
      </Item>
      <Item class="LoggingTypes">Logger</Item>
      <Item class="IObjectReference">
        <EntityId>9E3CA13F-552F-FBE7-3FE7-6E306F58F4CB</EntityId>
        <EntityName>DatabaseQuery_MonitoredUsers_Count</EntityName>
        <EntityTypeId>com.intellinx.configuration.entities.GXDatabaseQuery</EntityTypeId>
        <ObjectKey>66DFAB7F-866B-B060-BEB8-3D631B27CDB8</ObjectKey>
        <ObjectClass>Field</ObjectClass>
      </Item>
      <Item class="ConvertFunctions">ToString</Item>
      <Item class="LoggerStaticMethods">log</Item>
    </usedIdentifiers>
  </innerFlow>
  <enabled>true</enabled>
  <schedule classVersion="1" id="8326665F-426F-CE5A-2835-6D24363C639E" class="Schedule">
    <scheduleType class="ScheduleType">Periodically</scheduleType>
    <scheduleDetails id="576A5FF3-59B7-7067-91AB-8AD3D78B9F3D" classVersion="1" class="ScheduleDetails">
      <occurrenceFrequencyNumber>1</occurrenceFrequencyNumber>
      <dailyFrequency id="5730A011-36E9-E5F4-7694-FBD30C67EF43" classVersion="1" class="DailyScheduleFrequency">
        <dailyScheduleType class="ScheduleType">Periodically</dailyScheduleType>
        <startTime hour="0" minutes="0" seconds="0" millis="0" class="time"/>
        <endTime hour="23" minutes="59" seconds="59" millis="0" class="time"/>
        <scheduleFrequency id="A98ED823-DECF-1A72-080B-04430DD27E27" classVersion="1" class="ScheduleFrequency">
          <dailyScheduleType>10</dailyScheduleType>
          <timeUnit class="TimeUnits">MINUTES</timeUnit>
        </scheduleFrequency>
      </dailyFrequency>
    </scheduleDetails>
    <scheduleDuration class="time-between">
      <start year="2022" month="12" dayOfMonth="13" hour="0" minutes="0" seconds="0" millis="0"/>
    </scheduleDuration>
  </schedule>
</Entity>