<Entity version="670100" versionTimestamp="2021-05-19 13:43:00.000" createdBy="" createDate="2022-10-24 20:28:25.868 UTC" updateDate="2022-12-02 18:47:23.600 UTC" updatedBy="" classVersion="1" id="D50BD943-72F9-2FBF-66AF-6019C83499E2" name="dc_3270" class="ScreenDataChannel">
  <description></description>
  <businessEvents>
    <Item class="IEntityReference">
      <EntityId>1FEFF359-7ABC-146D-82D2-4F29ADE7F1FB</EntityId>
      <EntityName>DC_3270_Access_Event</EntityName>
      <EntityTypeId>com.intellinx.entities.GXBusinessEvent</EntityTypeId>
    </Item>
    <Item class="IEntityReference">
      <EntityId>C7778B40-F2F1-EA5F-5048-AE135729A071</EntityId>
      <EntityName>DC_3270_Login_Event</EntityName>
      <EntityTypeId>com.intellinx.entities.GXBusinessEvent</EntityTypeId>
    </Item>
  </businessEvents>
  <auditEventIdentifierEntities>
    <Item class="IEntityReference">
      <EntityId>CF48BE2E-3661-704A-A6FC-518F2E88D260</EntityId>
      <EntityName>DC_3270_Login</EntityName>
      <EntityTypeId>com.intellinx.entities.GXScreen</EntityTypeId>
    </Item>
    <Item class="IEntityReference">
      <EntityId>45E394A6-D86A-E202-381F-B6E9F4424D1F</EntityId>
      <EntityName>SignonToCics</EntityName>
      <EntityTypeId>com.intellinx.entities.GXScreen</EntityTypeId>
    </Item>
    <Item class="IEntityReference">
      <EntityId>58876EC3-0AFC-2656-B849-946B9F547C93</EntityId>
      <EntityName>Unidentified</EntityName>
      <EntityTypeId>com.intellinx.entities.GXScreen</EntityTypeId>
    </Item>
  </auditEventIdentifierEntities>
  <patterns/>
  <sessionStartFunction id="D42C85A8-2746-1A10-6819-9D34F94E6E27" classVersion="1" class="FlowFunction">
    <name>sessionStart</name>
    <retType class="NativeTypes">VoidType</retType>
    <arguments>
      <Item class="DataChannelBuiltinVariables">GlobalContext</Item>
      <Item class="DataChannelBuiltinVariables">Session</Item>
    </arguments>
    <usedIdentifiers/>
  </sessionStartFunction>
  <sessionEndFunction id="BB44EE19-5F7D-0359-EEC6-A15C10F3481D" classVersion="1" class="FlowFunction">
    <name>sessionEnd</name>
    <retType class="NativeTypes">VoidType</retType>
    <arguments>
      <Item class="DataChannelBuiltinVariables">GlobalContext</Item>
      <Item class="DataChannelBuiltinVariables">Session</Item>
    </arguments>
    <usedIdentifiers/>
  </sessionEndFunction>
  <dataChannelLoadedFunction id="D87CB560-143B-6948-6466-32297B101EB2" classVersion="1" class="FlowFunction">
    <name>dataChannelLoaded</name>
    <retType class="NativeTypes">VoidType</retType>
    <arguments>
      <Item class="DataChannelBuiltinVariables">GlobalContext</Item>
    </arguments>
    <usedIdentifiers/>
  </dataChannelLoadedFunction>
  <functions/>
  <scheduledFlows/>
  <mappingUserIdAutomatically>true</mappingUserIdAutomatically>
  <isSplitNewUser>false</isSplitNewUser>
  <isUppercaseUserId>false</isUppercaseUserId>
  <patternFields/>
  <windows/>
  <charset class="Charset">Cp037</charset>
  <defaultScreenDirection class="ScreenDirection">Unknown</defaultScreenDirection>
  <authoExchangeOldNewCode>true</authoExchangeOldNewCode>
  <hostType class="DisplayHostType">TYPE_3270</hostType>
  <deviceType class="DisplayDeviceType">IBM_3278</deviceType>
  <protocol class="DisplayProtocol">TN3270E</protocol>
  <auditUnidentifiedScreens>false</auditUnidentifiedScreens>
  <trimChars class="byte-array">Xw==</trimChars>
  <dropEmptySessions>false</dropEmptySessions>
  <isDropSessions>false</isDropSessions>
  <eventsDropSessions>0</eventsDropSessions>
  <splitScreenSupported>false</splitScreenSupported>
  <splitScreenModifier class="byte-array">IC4g</splitScreenModifier>
  <removePasswordsFromRecording>false</removePasswordsFromRecording>
  <additionalConfiguration id="537A2AED-A350-3A5C-ECC7-737A6D5276BF" classVersion="1" class="additionalConfiguration">
    <terminalType class="VTTerminalType">VT220</terminalType>
    <screenSizeRows>24</screenSizeRows>
    <screenSizeCols>80</screenSizeCols>
    <supportGraphics>true</supportGraphics>
    <isIgnoreBit8>false</isIgnoreBit8>
    <isAutoWrapModeOff>false</isAutoWrapModeOff>
    <wrapping class="com.intellinx.emulation.vt.GXIVTConstants$GXVTWrapping">On</wrapping>
    <isIgnoreSetMargin>false</isIgnoreSetMargin>
    <ignoreTime>false</ignoreTime>
    <timeBetweenScreens>3000</timeBetweenScreens>
    <checkPassedTime>false</checkPassedTime>
    <passedTimeBetweenScreens>100</passedTimeBetweenScreens>
    <handleUserActionText>false</handleUserActionText>
    <isEchoUserText>false</isEchoUserText>
    <fireScreenIfEscapeTyped>false</fireScreenIfEscapeTyped>
    <fireScreenIfTabTyped>false</fireScreenIfTabTyped>
    <fireScreenIfDelTyped>false</fireScreenIfDelTyped>
    <fireScreenIfResetScreen>false</fireScreenIfResetScreen>
    <emulationConfiguration id="ED51067A-41F5-ACE7-F7BE-FFF177D7315B" classVersion="1" class="DisplayEmulationConfiguration">
      <charset class="Charset">Cp037</charset>
      <authoExchangeOldNewCode>true</authoExchangeOldNewCode>
      <deviceType class="DisplayDeviceType">IBM_3278</deviceType>
      <protocol class="DisplayProtocol">TN3270E</protocol>
    </emulationConfiguration>
  </additionalConfiguration>
  <disableWindowIdentification>false</disableWindowIdentification>
  <isCheckTraffic>false</isCheckTraffic>
</Entity>